SRNO,TestCaseNo,VerifyStatus,DealNo,CapturedBy,Functionality,Product,Amount,CCCYAmount,Currency,AccountNo,Nostro,Vostro,ValueDate,CoverNo,CoverRate,CoverAmount,TheirRef,ClientRef,OurRef,Rate,BOP,Debit_Credit_Account,PrintDealStatus,Ver5
[STRING],[STRING],[STRING],[STRING],[STRING],[STRING],[STRING],[STRING],[STRING],[STRING],[STRING],[STRING],[STRING],[STRING],[STRING],[STRING],[STRING],[STRING],[STRING],[STRING],[STRING],[STRING],[STRING],[STRING],[STRING]
,185,Cover Amount is a Mandatory Field,TRO8739955320H18,001070,Forex,TRO,133,<NULL>,USD ,4047127954,10421,,18/08/2020,N/A,,,test,,N/A,0017.66980000,105,4047127954,,
RunDate_18Aug_19:37,186,Verified,TRO8739955420H18,001070,Forex,TRO,2020.22,<NULL>,GBP  ,4047127954,316398,,18/08/2020,N/A,,,test,,N/A,0023.24260000,106,4047127954,,
RunDate_18Aug_19:43,187,NotVerified,TRO8739955520H18,001070,Forex,TRO,45,<NULL>,USD,4047051094,10421,,18/08/2020,N/A,,,test,,N/A,0017.66980000,107,4047051094,,
RunDate_18Aug_19:51,189,HOST ISSUE,TRO8739955720H18,001070,Forex,TRO,700,<NULL>,CAD,4047127954,10348,,18/08/2020,N/A,,,test,,N/A,0000.07180000,110,4047127954,,
RunDate_18Aug_19:55,190,Verified,TRO8739955820H18,001070,Forex,TRO,630,<NULL>,INR,4047127954,27177,,18/08/2020,N/A,,,test,,N/A,0004.17560000,201,4047127954,,
RunDate_18Aug_20:00,191,NotVerified,TRO8739955920H18,001070,Forex,TRO,3456.12,<NULL>,NZD,4047127954,316257,,18/08/2020,N/A,,,test,,N/A,0000.08330000,203,4047127954,,
RunDate_18Aug_20:05,192,Verified,TRO8739956020H18,001070,Forex,TRO,455,<NULL>,USD ,4047127954,10421,,18/08/2020,N/A,,,test,,N/A,0017.66980000,205,4047127954,,
RunDate_18Aug_20:09,193,Verified,TRO8739956120H18,001070,Forex,TRO,554,<NULL>,GBP  ,4047127954,316398,,18/08/2020,N/A,,,test,,N/A,0023.24260000,211,4047127954,,
RunDate_18Aug_20:14,194,NotVerified,TRO8739956220H18,001070,Forex,TRO,130,<NULL>,EUR  ,4047127954,10967,,18/08/2020,N/A,,,test,,N/A,0021.04390000,220,4047127954,,
RunDate_18Aug_20:19,195,NotVerified,TRO8739956320H18,001070,Forex,TRO,441,<NULL>,AUD,9050615840,12377,,18/08/2020,N/A,,,test,,N/A,0000.07610000,221,9050615840,,
RunDate_18Aug_20:25,196,NotVerified,TRO8739956420H18,001070,Forex,TRO,124,<NULL>,CAD,4047127954,10348,,18/08/2020,N/A,,,test,,N/A,0000.07180000,225,4047127954,,
RunDate_19Aug_12:38,185,NotVerified,TRO8739956720H19,001070,Forex,TRO,133,<NULL>,USD ,4047127954,10421,,19/08/2020,N/A,,,test,,N/A,0017.47720000,105,4047127954,,
RunDate_19Aug_12:44,189,NotVerified,TRO8739956820H19,001070,Forex,TRO,700,<NULL>,CAD,4047127954,10348,,19/08/2020,N/A,,,test,,N/A,0000.07250000,110,4047127954,,
RunDate_19Aug_18:41,185,Verified,TRO8739957120H19,001069,Forex,TRO,133,<NULL>,USD ,4047127954,10421,,19/08/2020,N/A,,,test,,N/A,0017.47720000,105,4047127954,,
RunDate_19Aug_18:46,187,NotVerified,TRO8739957220H19,001069,Forex,TRO,45,<NULL>,USD,4047051094,10421,,19/08/2020,N/A,,,test,,N/A,0017.47720000,107,4047051094,,
RunDate_19Aug_18:50,189,Verified,TRO8739957320H19,001069,Forex,TRO,700,<NULL>,CAD,4047127954,10348,,19/08/2020,N/A,,,test,,N/A,0000.07250000,110,4047127954,,
RunDate_19Aug_20:06,185,Verified,TRO8739957420H19,001070,Forex,TRO,133,<NULL>,USD ,4047127954,10421,,19/08/2020,N/A,,,test,,N/A,0017.47720000,105,4047127954,,
RunDate_19Aug_20:11,187,Verified,TRO8739957520H19,001070,Forex,TRO,45,<NULL>,USD,4047051094,10421,,19/08/2020,N/A,,,test,,N/A,0017.47720000,107,4047051094,,
RunDate_19Aug_20:37,185,NotVerified,TRO8739957820H19,001069,Forex,TRO,133,<NULL>,USD ,4047127954,10421,,19/08/2020,N/A,,,test,,N/A,0017.47720000,105,4047127954,,
RunDate_19Aug_20:47,185,Verified,TRO8739957920H19,001069,Forex,TRO,133,<NULL>,USD ,4047127954,10421,,19/08/2020,N/A,,,test,,N/A,0017.47720000,105,4047127954,,
RunDate_19Aug_20:59,190,Verified,TRO8739958120H19,001070,Forex,TRO,630,<NULL>,INR,4047127954,27177,,19/08/2020,N/A,,,test,,N/A,0004.21920000,201,4047127954,,
RunDate_19Aug_21:19,185,Verified,TRO8739958220H19,001069,Forex,TRO,133,<NULL>,USD ,4047127954,10421,,19/08/2020,N/A,,,test,,N/A,0017.47720000,105,4047127954,,
RunDate_19Aug_21:23,186,Verified,TRO8739958320H19,001069,Forex,TRO,2020.22,<NULL>,GBP  ,4047127954,316398,,19/08/2020,N/A,,,test,,N/A,0023.19010000,106,4047127954,,
RunDate_19Aug_21:28,187,252 Transaction Screening Under Investigation 155 Invalid receiving branch for centre. 127 Capture Validation Erro,TRO8739958420H19,001069,Forex,TRO,45,<NULL>,USD,4047051094,10421,,19/08/2020,N/A,,,test,,N/A,0017.47720000,107,4047051094,,
RunDate_19Aug_21:33,188,252 Transaction Screening Under Investigation    Unable to find a matching description for this error - 328. 127 C,TRO8739958520H19,001069,Forex,TRO,355.55,<NULL>,AUD,9050615840,12377,,19/08/2020,N/A,,,test,,N/A,0000.07670000,108,9050615840,,
RunDate_19Aug_21:38,189,Verified,TRO8739958620H19,001069,Forex,TRO,700,<NULL>,CAD,4047127954,10348,,19/08/2020,N/A,,,test,,N/A,0000.07250000,110,4047127954,,
RunDate_19Aug_21:42,190,Verified,TRO8739958720H19,001069,Forex,TRO,630,<NULL>,INR,4047127954,27177,,19/08/2020,N/A,,,test,,N/A,0004.21920000,201,4047127954,,
RunDate_19Aug_21:49,192,Verified,TRO8739958920H19,001069,Forex,TRO,455,<NULL>,USD ,4047127954,10421,,19/08/2020,N/A,,,test,,N/A,0017.47720000,205,4047127954,,
RunDate_19Aug_21:53,193,Verified,TRO8739959020H19,001069,Forex,TRO,554,<NULL>,GBP  ,4047127954,316398,,19/08/2020,N/A,,,test,,N/A,0023.19010000,211,4047127954,,
RunDate_19Aug_21:58,194,Verified,TRO8739959120H19,001069,Forex,TRO,130,<NULL>,EUR  ,4047127954,10967,,19/08/2020,N/A,,,test,,N/A,0020.89870000,220,4047127954,,
RunDate_19Aug_22:28,195,,TRO8739959220H19,001070,Forex,TRO,441,<NULL>,AUD,9050615840,12377,,19/08/2020,N/A,,,test,,N/A,0000.07670000,221,9050615840,,
RunDate_19Aug_22:33,196,A different operator must do this transaction,TRO8739959320H19,001070,Forex,TRO,124,<NULL>,CAD,4047127954,10348,,19/08/2020,N/A,,,test,,N/A,0000.07250000,225,4047127954,,
RunDate_19Aug_22:37,197,NotVerified,TRO8739959420H19,001070,Forex,TRO,34500,<NULL>,JPY,4047127954,10926,,19/08/2020,N/A,,,test,,N/A,0005.71600000,226,4047127954,,
RunDate_19Aug_22:42,198,Unable to complete the operation,TRO8739959520H19,001070,Forex,TRO,3400,<NULL>,USD,4047127954,10421,,19/08/2020,N/A,,,test,,N/A,0017.47720000,108,4047127954,,
RunDate_19Aug_22:47,199,NotVerified,TRO8739959620H19,001070,Forex,TRO,630,<NULL>,NZD,4047127954,316257,,19/08/2020,N/A,,,test,,N/A,0000.08320000,231,4047127954,,
RunDate_19Aug_22:51,200,A different operator must do this transaction,TRO8739959720H19,001070,Forex,TRO,133,<NULL>,USD ,4047127954,10421,,19/08/2020,N/A,,,test,,N/A,0017.47720000,232,4047127954,,
RunDate_19Aug_22:56,201,NotVerified,TRO8739959820H19,001070,Forex,TRO,238,<NULL>,GBP  ,4047051094,316398,,19/08/2020,N/A,,,test,,N/A,0023.19010000,236,4047051094,,
RunDate_19Aug_23:01,202,A different operator must do this transaction,TRO8739959920H19,001070,Forex,TRO,876,<NULL>,EUR  ,4047127954,10967,,19/08/2020,N/A,,,test,,N/A,0020.89870000,240 001,4047127954,,
RunDate_19Aug_23:05,203,NotVerified,TRO8739960020H19,001070,Forex,TRO,333,<NULL>,AUD,4047127954,12377,,19/08/2020,N/A,,,test,,N/A,0000.07670000,241,4047127954,,
RunDate_19Aug_23:10,204,NotVerified,TRO8739960120H19,001070,Forex,TRO,444,<NULL>,CAD,4047127954,10348,,19/08/2020,N/A,,,test,,N/A,0000.07250000,242,4047127954,,
RunDate_19Aug_23:15,205,A different operator must do this transaction,TRO8739960220H19,001070,Forex,TRO,555,<NULL>,JPY,4047051094,10926,,19/08/2020,N/A,,,test,,N/A,0005.71600000,243,4047051094,,
RunDate_19Aug_23:21,206,A different operator must do this transaction,TRO8739960320H19,001070,Forex,TRO,666,<NULL>,INR,4047051094,27177,,19/08/2020,N/A,,,test,,N/A,0004.21920000,260,4047051094,,
RunDate_19Aug_23:25,207,Verified,TRO8739960420H19,001070,Forex,TRO,777,<NULL>,NZD,4047127954,316257,,19/08/2020,N/A,,,test,,N/A,0000.08320000,261,4047127954,,
RunDate_19Aug_23:30,208,Verified,TRO8739960520H19,001070,Forex,TRO,888,<NULL>,USD ,4047127954,10421,,19/08/2020,N/A,,,test,,N/A,0017.47720000,265,4047127954,,
RunDate_19Aug_23:34,209,Verified,TRO8739960620H19,001070,Forex,TRO,999,<NULL>,GBP  ,4047127954,316398,,19/08/2020,N/A,,,test,,N/A,0023.19010000,266,4047127954,,
RunDate_19Aug_23:39,210,NotVerified,TRO8739960720H19,001070,Forex,TRO,222,<NULL>,EUR  ,4047051094,10967,,19/08/2020,N/A,,,test,,N/A,0020.89870000,270 004 ,4047051094,,
RunDate_19Aug_23:45,211,Could not connect to the mainframe. -- Timeout --,TRO8739960820H19,001070,Forex,TRO,301,<NULL>,AUD,4047127954,12377,,19/08/2020,N/A,,,test,,N/A,0000.07670000,271 001 ,4047127954,,
RunDate_19Aug_23:50,212,Verified,TRO8739960920H19,001070,Forex,TRO,102,<NULL>,CAD,4047127954,10348,,19/08/2020,N/A,,,test,,N/A,0000.07250000,273 004 ,4047127954,,
RunDate_20Aug_00:32,214,061 Order/Transaction number not found,TRO8739961020H20,001069,Forex,TRO,4500,<NULL>,INR,4047051094,27177,,20/08/2020,N/A,,,test,,N/A,0004.21920000,276,4047051094,,
RunDate_21Aug_11:57,64,N/A,DealNoIsNotReady,001070,FXBDC,TCP,1200,<NULL>,EUR,4047045697,,,21/08/2020,N/A,,,test,,N/A,0020.06430000,256,4047045697,,
RunDate_21Aug_12:04,18,N/A,FBP8739481820H21,001069,Forex,FBP,130,<NULL>,GBP,4047127954,,,21/08/2020,N/A,,,test,,N/A,0022.36530000,255,4047127954,,
RunDate_21Aug_14:17,191,NotVerified,TRO8739961720H21,001070,Forex,TRO,3456.12,<NULL>,NZD,4047127954,316257,,21/08/2020,N/A,,,test,,N/A,0000.08480000,203,4047127954,,
RunDate_21Aug_14:22,195,NotVerified,TRO8739961820H21,001070,Forex,TRO,441,<NULL>,AUD,9050615840,12377,,21/08/2020,N/A,,,test,,N/A,0000.07760000,221,9050615840,,
RunDate_21Aug_14:27,196,NotVerified,TRO8739961920H21,001070,Forex,TRO,124,<NULL>,CAD,4047127954,10348,,21/08/2020,N/A,,,test,,N/A,0000.07290000,225,4047127954,,
RunDate_21Aug_14:32,197,NotVerified,TRO8739962020H21,001070,Forex,TRO,34500,<NULL>,JPY,4047127954,10926,,21/08/2020,N/A,,,test,,N/A,0005.74400000,226,4047127954,,
RunDate_21Aug_14:36,198,NotVerified,TRO8739962120H21,001070,Forex,TRO,3400,<NULL>,USD,4047127954,10421,,21/08/2020,N/A,,,test,,N/A,0017.41220000,108,4047127954,,
RunDate_21Aug_14:41,199,NotVerified,TRO8739962220H21,001070,Forex,TRO,630,<NULL>,NZD,4047127954,316257,,21/08/2020,N/A,,,test,,N/A,0000.08480000,231,4047127954,,
RunDate_21Aug_14:46,206,NotVerified,TRO8739962320H21,001070,Forex,TRO,666,<NULL>,INR,4047051094,27177,,21/08/2020,N/A,,,test,,N/A,0004.24250000,260,4047051094,,
RunDate_21Aug_14:51,210,NotVerified,TRO8739962420H21,001070,Forex,TRO,222,<NULL>,EUR  ,4047051094,10967,,21/08/2020,N/A,,,test,,N/A,0020.68980000,270 004 ,4047051094,,
RunDate_21Aug_14:56,211,NotVerified,TRO8739962520H21,001070,Forex,TRO,301,<NULL>,AUD,4047127954,12377,,21/08/2020,N/A,,,test,,N/A,0000.07760000,271 001 ,4047127954,,
RunDate_21Aug_15:01,214,NotVerified,TRO8739962620H21,001070,Forex,TRO,4500,<NULL>,INR,4047051094,27177,,21/08/2020,N/A,,,test,,N/A,0004.24250000,276,4047051094,,
RunDate_21Aug_15:49,191,Verified,TRO8739962720H21,001070,Forex,TRO,3456.12,<NULL>,NZD,4047127954,316257,,21/08/2020,N/A,,,test,,N/A,0000.08480000,203,4047127954,,
RunDate_21Aug_15:55,196,Verified,TRO8739962920H21,001070,Forex,TRO,124,<NULL>,CAD,4047127954,10348,,21/08/2020,N/A,,,test,,N/A,0000.07290000,225,4047127954,,
RunDate_21Aug_16:02,198,Verified,TRO8739963120H21,001070,Forex,TRO,3400,<NULL>,USD,4047127954,10421,,21/08/2020,N/A,,,test,,N/A,0017.41220000,108,4047127954,,
RunDate_21Aug_16:06,199,Verified,TRO8739963220H21,001070,Forex,TRO,630,<NULL>,NZD,4047127954,316257,,21/08/2020,N/A,,,test,,N/A,0000.08480000,231,4047127954,,
RunDate_21Aug_16:11,206,Verified,TRO8739963320H21,001070,Forex,TRO,666,<NULL>,INR,4047051094,27177,,21/08/2020,N/A,,,test,,N/A,0004.24250000,260,4047051094,,
RunDate_21Aug_16:16,210,"252 Transaction Screening Under Investigation 154 Invalid Instructing code, please select from listbox. 127 Captur",TRO8739963420H21,001070,Forex,TRO,222,<NULL>,EUR  ,4047051094,10967,,21/08/2020,N/A,,,test,,N/A,0020.68980000,270 004 ,4047051094,,
RunDate_21Aug_16:21,211,Verified,TRO8739963520H21,001070,Forex,TRO,301,<NULL>,AUD,4047127954,12377,,21/08/2020,N/A,,,test,,N/A,0000.07760000,271 001 ,4047127954,,
RunDate_21Aug_16:26,214,252 Transaction Screening Under Investigation    Unable to find a matching description for this error - 285. 127 C,TRO8739963620H21,001070,Forex,TRO,4500,<NULL>,INR,4047051094,27177,,21/08/2020,N/A,,,test,,N/A,0004.24250000,276,4047051094,,
RunDate_21Aug_17:11,215,Verified,TRO8739963720H21,001069,Forex,TRO,1500,<NULL>,NZD,4047127954,316257,,21/08/2020,N/A,,,test,,N/A,0000.08480000,280,4047127954,,
RunDate_21Aug_17:16,216,Verified,TRO8739963820H21,001069,Forex,TRO,100,<NULL>,USD ,4047127954,10421,,21/08/2020,N/A,,,test,,N/A,0017.41220000,281,4047127954,,
RunDate_21Aug_17:20,217,252 Transaction Screening Under Investigation 209 Card not linked to corporate/site. 127 Capture Validation Error,TRO8739963920H21,001069,Forex,TRO,200,<NULL>,GBP  ,4047051094,316398,,21/08/2020,N/A,,,test,,N/A,0023.05910000,282,4047051094,,
RunDate_21Aug_17:33,220,NotVerified,TRO8739964020H21,001069,Forex,TRO,500,<NULL>,CAD,4047127954,10348,,21/08/2020,N/A,,,test,,N/A,0000.07290000,288,4047127954,,
RunDate_21Aug_17:38,222,Verified,TRO8739964120H21,001069,Forex,TRO,700,<NULL>,INR,4047127954,27177,,21/08/2020,N/A,,,test,,N/A,0004.24250000,297,4047127954,,
RunDate_21Aug_17:43,223,Verified,TRO8739964220H21,001069,Forex,TRO,800,<NULL>,NZD,4047127954,316257,,21/08/2020,N/A,,,test,,N/A,0000.08480000,307,4047127954,,
RunDate_21Aug_17:48,224,Verified,TRO8739964320H21,001069,Forex,TRO,900,<NULL>,USD ,4047127954,10421,,21/08/2020,N/A,,,test,,N/A,0017.41220000,308,4047127954,,
RunDate_21Aug_17:54,225,252 Transaction Screening Under Investigation    Unable to find a matching description for this error - 398. 127 C,TRO8739964420H21,001069,Forex,TRO,231,<NULL>,GBP  ,4047051094,316398,,21/08/2020,N/A,,,test,,N/A,0023.05910000,401,4047051094,,
RunDate_21Aug_17:59,226,Verified,TRO8739964520H21,001069,Forex,TRO,1100,<NULL>,EUR  ,4047127954,10967,,21/08/2020,N/A,,,test,,N/A,0020.68980000,402,4047127954,,
RunDate_21Aug_18:04,227,Verified,TRO8739964620H21,001069,Forex,TRO,455,<NULL>,AUD,4047127954,12377,,21/08/2020,N/A,,,test,,N/A,0000.07760000,403,4047127954,,
RunDate_21Aug_18:09,228,252 Transaction Screening Under Investigation    Unable to find a matching description for this error - 548. 127 C,TRO8739964720H21,001069,Forex,TRO,231,<NULL>,CAD,4047051094,10348,,21/08/2020,N/A,,,test,,N/A,0000.07290000,404,4047051094,,
RunDate_22Aug_20:14,217,252 Transaction Screening Under Investigation 138 Insufficient Foreign Notes Stock on host. 127 Capture Validation,TRO8739964820H22,001069,Forex,TRO,200,<NULL>,GBP  ,4047051094,316398,,22/08/2020,N/A,,,test,,N/A,0023.05910000,282,4047051094,,
RunDate_22Aug_20:45,217,252 Transaction Screening Under Investigation 177 System error. 127 Capture Validation Error 127! Please contact H,TRO8739964920H22,001070,Forex,TRO,200,<NULL>,GBP  ,4047051094,316398,,22/08/2020,N/A,,,test,,N/A,0023.05910000,282,4047051094,,
RunDate_22Aug_21:27,187,252 Transaction Screening Under Investigation 116 Invalid Street Addess. 127 Capture Validation Error 127! Please,TRO8739965020H22,001069,Forex,TRO,45,<NULL>,USD,4047051094,10421,,22/08/2020,N/A,,,test,,N/A,0017.41220000,107,4047051094,,
RunDate_22Aug_21:31,194,Verified,TRO8739965120H22,001069,Forex,TRO,130,<NULL>,EUR  ,4047127954,10967,,22/08/2020,N/A,,,test,,N/A,0020.68980000,220,4047127954,,
RunDate_22Aug_21:36,200,Verified,TRO8739965220H22,001069,Forex,TRO,133,<NULL>,USD ,4047127954,10421,,22/08/2020,N/A,,,test,,N/A,0017.41220000,232,4047127954,,
RunDate_22Aug_21:41,201,252 Transaction Screening Under Investigation    Unable to find a matching description for this error - 262. 127 C,TRO8739965320H22,001069,Forex,TRO,238,<NULL>,GBP  ,4047051094,316398,,22/08/2020,N/A,,,test,,N/A,0023.05910000,236,4047051094,,
RunDate_22Aug_21:45,202,Verified,TRO8739965420H22,001069,Forex,TRO,876,<NULL>,EUR  ,4047127954,10967,,22/08/2020,N/A,,,test,,N/A,0020.68980000,240 001,4047127954,,
RunDate_22Aug_21:50,203,Verified,TRO8739965520H22,001069,Forex,TRO,333,<NULL>,AUD,4047127954,12377,,22/08/2020,N/A,,,test,,N/A,0000.07760000,241,4047127954,,
RunDate_22Aug_21:54,204,Verified,TRO8739965620H22,001069,Forex,TRO,444,<NULL>,CAD,4047127954,10348,,22/08/2020,N/A,,,test,,N/A,0000.07290000,242,4047127954,,
RunDate_22Aug_21:59,205,NotVerified,TRO8739965720H22,001069,Forex,TRO,555,<NULL>,JPY,4047051094,10926,,22/08/2020,N/A,,,test,,N/A,0005.74400000,243,4047051094,,
RunDate_22Aug_22:06,217,252 Transaction Screening Under Investigation 190 Receiver name does not match. 127 Capture Validation Error 127!,TRO8739965920H22,001069,Forex,TRO,200,<NULL>,GBP  ,4047051094,316398,,22/08/2020,N/A,,,test,,N/A,0023.05910000,282,4047051094,,
RunDate_22Aug_22:50,220,Verified,TRO8739966020H22,001070,Forex,TRO,500,<NULL>,CAD,4047127954,10348,,22/08/2020,N/A,,,test,,N/A,0000.07290000,288,4047127954,,
RunDate_22Aug_22:55,225,252 Transaction Screening Under Investigation    Unable to find a matching description for this error - 402. 127 C,TRO8739966120H22,001070,Forex,TRO,231,<NULL>,GBP  ,4047051094,316398,,22/08/2020,N/A,,,test,,N/A,0023.05910000,401,4047051094,,
RunDate_22Aug_22:59,226,061 Order/Transaction number not found,TRO8739966220H22,001070,Forex,TRO,1100,<NULL>,EUR  ,4047127954,10967,,22/08/2020,N/A,,,test,,N/A,0020.68980000,402,4047127954,,
RunDate_22Aug_23:04,228,252 Transaction Screening Under Investigation    Unable to find a matching description for this error - 443. 127 C,TRO8739966320H22,001070,Forex,TRO,231,<NULL>,CAD,4047051094,10348,,22/08/2020,N/A,,,test,,N/A,0000.07290000,404,4047051094,,
RunDate_23Aug_17:57,205,NotVerified,TRO8739966420H23,001070,Forex,TRO,555,<NULL>,JPY,4047051094,10926,,24/08/2020,N/A,,,test,,N/A,0005.74400000,243,4047051094,,
RunDate_24Aug_20:07,188,252 Transaction Screening Under Investigation    Unable to find a matching description for this error - 286. 127 C,TRO8739966520H24,001070,Forex,TRO,355.55,<NULL>,AUD,9050615840,12377,,24/08/2020,N/A,,,test,,N/A,0000.07760000,108,9050615840,,
RunDate_24Aug_20:12,194,Verified,TRO8739966620H24,001070,Forex,TRO,130,<NULL>,EUR  ,4047127954,10967,,24/08/2020,N/A,,,test,,N/A,0020.68980000,220,4047127954,,
RunDate_24Aug_20:17,195,252 Transaction Screening Under Investigation    Unable to find a matching description for this error - 368. 127 C,TRO8739966720H24,001070,Forex,TRO,441,<NULL>,AUD,9050615840,12377,,24/08/2020,N/A,,,test,,N/A,0000.07760000,221,9050615840,,
RunDate_24Aug_20:23,197,Verified,TRO8739966820H24,001070,Forex,TRO,34500,<NULL>,JPY,4047127954,10926,,24/08/2020,N/A,,,test,,N/A,0005.74400000,226,4047127954,,
RunDate_24Aug_20:27,202,Verified,TRO8739966920H24,001070,Forex,TRO,876,<NULL>,EUR  ,4047127954,10967,,24/08/2020,N/A,,,test,,N/A,0020.68980000,240 001,4047127954,,
RunDate_24Aug_20:32,205,252 Transaction Screening Under Investigation    Unable to find a matching description for this error - 577. 127 C,TRO8739967020H24,001070,Forex,TRO,555,<NULL>,JPY,4047051094,10926,,24/08/2020,N/A,,,test,,N/A,0005.74400000,243,4047051094,,
RunDate_24Aug_20:42,214,252 Transaction Screening Under Investigation    Unable to find a matching description for this error - 368. 127 C,TRO8739967220H24,001070,Forex,TRO,4500,<NULL>,INR,4047051094,27177,,24/08/2020,N/A,,,test,,N/A,0004.24250000,276,4047051094,,
RunDate_24Aug_20:48,218,252 Transaction Screening Under Investigation    Unable to find a matching description for this error - 654. 127 C,TRO8739967320H24,001070,Forex,TRO,300,<NULL>,EUR  ,4047051094,10967,,24/08/2020,N/A,,,test,,N/A,0020.68980000,285,4047051094,,
RunDate_24Aug_20:54,219,Verified,TRO8739967420H24,001070,Forex,TRO,400,<NULL>,AUD,4047127954,12377,,24/08/2020,N/A,,,test,,N/A,0000.07760000,287,4047127954,,
RunDate_24Aug_21:36,221,NotVerified,TRO8739967520H24,001069,Forex,TRO,600,<NULL>,JPY,4047127954,10926,,24/08/2020,N/A,,,test,,N/A,0005.74400000,296,4047127954,,
RunDate_24Aug_21:41,226,061 Order/Transaction number not found,TRO8739967620H24,001069,Forex,TRO,1100,<NULL>,EUR  ,4047127954,10967,,24/08/2020,N/A,,,test,,N/A,0020.68980000,402,4047127954,,
RunDate_24Aug_21:46,229,252 Transaction Screening Under Investigation    Unable to find a matching description for this error - 452. 127 C,TRO8739967720H24,001069,Forex,TRO,234,<NULL>,JPY,4047051094,10926,,24/08/2020,N/A,,,test,,N/A,0005.74400000,407,4047051094,,
RunDate_24Aug_21:53,231,252 Transaction Screening Under Investigation    Unable to find a matching description for this error - 439. 127 C,TRO8739967920H24,001069,Forex,TRO,3334,<NULL>,NZD,4047051094,316257,,24/08/2020,N/A,,,test,,N/A,0000.08480000,409,4047051094,,
RunDate_24Aug_21:57,232,252 Transaction Screening Under Investigation    Unable to find a matching description for this error - 452. 127 C,TRO8739968020H24,001069,Forex,TRO,125,<NULL>,USD ,4047051094,10421,,24/08/2020,N/A,,,test,,N/A,0017.41220000,410,4047051094,,
RunDate_24Aug_22:02,233,Verified,TRO8739968120H24,001069,Forex,TRO,126,<NULL>,GBP  ,4047127954,316398,,24/08/2020,N/A,,,test,,N/A,0023.05910000,412,4047127954,,
RunDate_24Aug_22:07,234,Verified,TRO8739968220H24,001069,Forex,TRO,127,<NULL>,EUR  ,4047127954,10967,,24/08/2020,N/A,,,test,,N/A,0020.68980000,413,4047127954,,
RunDate_25Aug_10:41,76,N/A,FBP8739481920H25,001070,Forex,FBP,500,<NULL>,USD,4047127954,,,25/08/2020,N/A,,,test,,N/A,0016.65200000,255,4047127954,,
RunDate_25Aug_10:46,77,N/A,FBP8739482020H25,001070,Forex,FBP,2500,<NULL>,CAD,1006990467,,,25/08/2020,N/A,,,test,,N/A,0000.08670000,417,1006990467,,
RunDate_25Aug_10:51,78,N/A,FBP8739482120H25,001070,Forex,FBP,67000,<NULL>,USD,1006990467,,,25/08/2020,123456,Current rate-1%,67000,test,,123456,0016.65200000,416,1006990467,,
RunDate_25Aug_10:58,79,N/A,FBP8739482220H25,001070,Forex,FBP,8600,<NULL>,CAD,4047045697,,,25/08/2020,N/A,Spot,,test,,N/A,0000.08670000,256,4047045697,,
RunDate_25Aug_11:07,160,N/A,FBP8739482420H25,001070,Forex,FBP,1000,<NULL>,USD,4047127954,,,25/08/2020,N/A,,,test,,N/A,0016.65200000,255,4047127954,,
RunDate_25Aug_11:12,161,N/A,FBP8739482520H25,001070,Forex,FBP,3000,<NULL>,AUD,4047045697,,,25/08/2020,123456,-0.1,,test,,123456,0000.07840000,256,4047045697,,
RunDate_25Aug_11:17,162,N/A,FBP8739482620H25,001070,Forex,FBP,700,<NULL>,CNY,4047127954,,,25/08/2020,N/A,,,test,,N/A,0000.47440000,255,4047127954,,
RunDate_25Aug_11:24,163,N/A,FBP8739482720H25,001070,Forex,FBP,4900,<NULL>,CAD,4047127954,,,25/08/2020,N/A,Today,,test,,N/A,0000.07320000,255,4047127954,,
RunDate_25Aug_11:29,164,N/A,FBP8739482820H25,001070,Forex,FBP,1250,<NULL>,AUD,4047143100,,,25/08/2020,N/A,Spot,,test,,N/A,0000.08840000,250,4047143100,,
RunDate_25Aug_11:36,37,N/A,DealNoIsNotReady,001070,FXBDC,FBP,1111,<NULL>,USD,4047045697,,,25/08/2020,N/A,,,test,,N/A,0016.65200000,256,4047045697,,
RunDate_25Aug_11:38,37,N/A,DealNoIsNotReady,001070,FXBDC,FBP,1111,<NULL>,USD,4047045697,,,25/08/2020,N/A,,,test,,N/A,0016.65200000,256,4047045697,,
RunDate_25Aug_11:40,38,N/A,DealNoIsNotReady,001070,FXBDC,FBP,340,<NULL>,CAD,1006990467,,,25/08/2020,N/A,,,test,,N/A,0000.08670000,417,1006990467,,
RunDate_25Aug_11:43,38,N/A,DealNoIsNotReady,001070,FXBDC,FBP,340,<NULL>,CAD,1006990467,,,25/08/2020,N/A,,,test,,N/A,0000.08670000,417,1006990467,,
RunDate_25Aug_11:45,39,N/A,DealNoIsNotReady,001070,FXBDC,FBP,999,<NULL>,AUD,4047850573,,,25/08/2020,N/A,,,test,,N/A,0000.08840000,255,4047850573,,
RunDate_25Aug_11:47,39,N/A,DealNoIsNotReady,001070,FXBDC,FBP,999,<NULL>,AUD,4047850573,,,25/08/2020,N/A,,,test,,N/A,0000.08840000,255,4047850573,,
RunDate_25Aug_11:49,40,N/A,DealNoIsNotReady,001070,FXBDC,FBP,700,<NULL>,AUD,4047045697,,,25/08/2020,N/A,,,test,,N/A,0000.08840000,256,4047045697,,
RunDate_25Aug_11:52,40,N/A,DealNoIsNotReady,001070,FXBDC,FBP,700,<NULL>,AUD,4047045697,,,25/08/2020,N/A,,,test,,N/A,0000.08840000,256,4047045697,,
RunDate_25Aug_11:54,41,N/A,DealNoIsNotReady,001070,FXBDC,FBP,700,<NULL>,USD,4047127954,,,25/08/2020,123456,Current rate-1%,,test,,123456,0015.65200000,255,4047127954,,
RunDate_25Aug_11:57,41,N/A,DealNoIsNotReady,001070,FXBDC,FBP,700,<NULL>,USD,4047127954,,,25/08/2020,123456,Current rate-1%,,test,,123456,0015.65200000,255,4047127954,,
RunDate_25Aug_11:59,42,N/A,DealNoIsNotReady,001070,FXBDC,FBP,3000,<NULL>,CNY,4047045697,,,25/08/2020,N/A,,,test,,N/A,0000.47440000,256,4047045697,,
RunDate_25Aug_12:01,42,N/A,DealNoIsNotReady,001070,FXBDC,FBP,3000,<NULL>,CNY,4047045697,,,25/08/2020,N/A,,,test,,N/A,0000.47440000,256,4047045697,,
RunDate_25Aug_12:03,43,N/A,DealNoIsNotReady,001070,FXBDC,FBP,62597,<NULL>,GBP,9050703562,,,25/08/2020,123456,Current rate-1%,"62,597.00",test,,123456,0021.67370000,256,9050703562,,
RunDate_25Aug_12:05,43,N/A,DealNoIsNotReady,001070,FXBDC,FBP,62597,<NULL>,GBP,9050703562,,,25/08/2020,123456,Current rate-1%,"62,597.00",test,,123456,0021.67370000,256,9050703562,,
RunDate_25Aug_12:07,44,N/A,DealNoIsNotReady,001070,FXBDC,FBP,7500,<NULL>,EUR,4047127954,,,25/08/2020,N/A,Spot,,test,,N/A,0019.55800000,255,4047127954,,
RunDate_25Aug_12:18,95,N/A,DealNoIsNotReady,001070,FXBDC,FBP,700,<NULL>,AUD,4047045697,,,25/08/2020,N/A,,,test,,N/A,0000.08840000,256,4047045697,,
RunDate_25Aug_12:20,95,N/A,DealNoIsNotReady,001070,FXBDC,FBP,700,<NULL>,AUD,4047045697,,,25/08/2020,N/A,,,test,,N/A,0000.08840000,256,4047045697,,
RunDate_25Aug_12:22,96,N/A,DealNoIsNotReady,001070,FXBDC,FBP,3000,<NULL>,AUD,4047045697,,,25/08/2020,N/A,,,test,,N/A,0000.08840000,256,4047045697,,
RunDate_25Aug_12:23,96,N/A,DealNoIsNotReady,001070,FXBDC,FBP,3000,<NULL>,AUD,4047045697,,,25/08/2020,N/A,,,test,,N/A,0000.08840000,256,4047045697,,
RunDate_25Aug_12:27,118,N/A,DealNoIsNotReady,001070,FXBDC,FBP,350,<NULL>,AUD,4047045697,,,25/08/2020,N/A,Today,,test,,N/A,0000.07640000,256,4047045697,,
RunDate_25Aug_12:31,119,N/A,DealNoIsNotReady,001070,FXBDC,FBP,1055,<NULL>,USD,4047850573,,,25/08/2020,N/A,Spot,,test,,N/A,0016.65200000,255,4047850573,,
RunDate_25Aug_12:32,119,N/A,DealNoIsNotReady,001070,FXBDC,FBP,1055,<NULL>,USD,4047850573,,,25/08/2020,N/A,Spot,,test,,N/A,0016.65200000,255,4047850573,,
RunDate_25Aug_12:39,106,N/A,DealNoIsNotReady,001070,FXBDC,TCP,1000,<NULL>,USD,4047127954,,,25/08/2020,N/A,,,test,,N/A,0016.65200000,255,4047127954,,
RunDate_25Aug_12:43,113,N/A,DealNoIsNotReady,001070,FXBDC,TCP,1200,<NULL>,EUR,4047127954,,,25/08/2020,123456,Current rate-1%,,test,,123456,0018.55800000,255,4047127954,,
RunDate_25Aug_12:46,103,N/A,TCP8739594920H25,001070,Forex,TCP,150,<NULL>,USD,4047127954,,,25/08/2020,N/A,,,test,,N/A,0016.65200000,255,4047127954,,
RunDate_25Aug_12:52,104,N/A,TCP8739595020H25,001070,Forex,TCP,150,<NULL>,CAD,4047045697,,,25/08/2020,N/A,,,test,,N/A,0000.08670000,256,4047045697,,
RunDate_25Aug_12:58,2,N/A,TFC8739931620H25,001070,FXBDC,TFC,100,<NULL>,USD,4047127954,,,N/A,N/A,,,test,,N/A,25/08/2020,255,4047127954,,
RunDate_25Aug_13:06,3,N/A,TFC8739931720H25,001070,FXBDC,TFC,200,<NULL>,AED,9050703562,,,N/A,N/A,,,test,,N/A,25/08/2020,256,9050703562,,
RunDate_25Aug_13:16,71,N/A,TFC8739931820H25,001070,Forex,TFC,200,<NULL>,USD,4047127954,,,N/A,N/A,,,test,,N/A,25/08/2020,255,4047127954,,
RunDate_25Aug_13:25,75,N/A,TFC8739931920H25,001070,Forex,TFC,220,<NULL>,GBP,1006990467,,,N/A,N/A,,,test,,N/A,25/08/2020,417,1006990467,,
RunDate_25Aug_13:30,52,N/A,DealNoIsNotReady,001070,FXBDC,PFC,70,<NULL>,USD,4047045697,,,25/08/2020,N/A,,,test,,N/A,0016.67800000,256,4047045697,,
RunDate_25Aug_13:37,60,N/A,DealNoIsNotReady,001070,FXBDC,PFC,10,<NULL>,USD,9050703562,,,25/08/2020,N/A,Spot,,test,,N/A,0016.67800000,256,9050703562,,
RunDate_25Aug_13:43,19,N/A,PFC8739638420H25,001070,Forex,PFC,23,<NULL>,AUD,4047127954,,,25/08/2020,N/A,Spot,,test,,N/A,0000.08640000,255,4047127954,,
RunDate_25Aug_13:48,22,N/A,PFC8739638520H25,001070,Forex,PFC,22,<NULL>,AED,1006990467,,,25/08/2020,N/A,Spot,,test,,N/A,0000.22660000,417,1006990467,,
RunDate_25Aug_13:51,46,N/A,DealNoIsNotReady,001070,FXBDC,FBS,333,<NULL>,CAD,4047045697,,,25/08/2020,N/A,,,test,,N/A,N/A,256,4047045697,,
RunDate_25Aug_13:53,46,N/A,DealNoIsNotReady,001070,FXBDC,FBS,333,<NULL>,CAD,4047045697,,,25/08/2020,N/A,,,test,,N/A,N/A,256,4047045697,,
RunDate_25Aug_13:55,47,N/A,DealNoIsNotReady,001070,FXBDC,FBS,150,<NULL>,EUR,4047850573,,,25/08/2020,N/A,,,test,,N/A,N/A,255,4047850573,,
RunDate_25Aug_13:57,47,N/A,DealNoIsNotReady,001070,FXBDC,FBS,150,<NULL>,EUR,4047850573,,,25/08/2020,N/A,,,test,,N/A,N/A,255,4047850573,,
RunDate_25Aug_14:00,48,N/A,DealNoIsNotReady,001070,FXBDC,FBS,500,<NULL>,GBP,4047045697,,,25/08/2020,N/A,,,test,,N/A,N/A,256,4047045697,,
RunDate_25Aug_14:01,48,N/A,DealNoIsNotReady,001070,FXBDC,FBS,500,<NULL>,GBP,4047045697,,,25/08/2020,N/A,,,test,,N/A,N/A,256,4047045697,,
RunDate_25Aug_14:04,49,N/A,DealNoIsNotReady,001070,FXBDC,FBS,"75,000.00",<NULL>,USD,4047045697,,,25/08/2020,123456,Current rate-1%,"67,000.00",test,,123456,N/A,256,4047045697,,
RunDate_25Aug_14:06,49,N/A,DealNoIsNotReady,001070,FXBDC,FBS,"75,000.00",<NULL>,USD,4047045697,,,25/08/2020,123456,Current rate-1%,"67,000.00",test,,123456,N/A,256,4047045697,,
RunDate_25Aug_14:08,50,N/A,DealNoIsNotReady,001070,FXBDC,FBS,666,<NULL>,EUR,4047127954,,,25/08/2020,N/A,,,test,,N/A,N/A,255,4047127954,,
RunDate_25Aug_14:20,122,N/A,DealNoIsNotReady,001070,FXBDC,FBS,5000,<NULL>,AUD,9050703562,,,25/08/2020,N/A,,,test,,N/A,N/A,256,9050703562,,
RunDate_25Aug_14:22,122,N/A,DealNoIsNotReady,001070,FXBDC,FBS,5000,<NULL>,AUD,9050703562,,,25/08/2020,N/A,,,test,,N/A,N/A,256,9050703562,,
RunDate_25Aug_14:24,123,N/A,DealNoIsNotReady,001070,FXBDC,FBS,"5,000.00",<NULL>,AUD,9050703562,,,25/08/2020,N/A,,,test,,N/A,N/A,256,9050703562,,
RunDate_25Aug_14:26,123,N/A,DealNoIsNotReady,001070,FXBDC,FBS,"5,000.00",<NULL>,AUD,9050703562,,,25/08/2020,N/A,,,test,,N/A,N/A,256,9050703562,,
RunDate_25Aug_14:29,124,N/A,DealNoIsNotReady,001070,FXBDC,FBS,"5,000.00",<NULL>,AUD,9050703562,,,25/08/2020,123456,,Current rate-1%,test,,123456,N/A,256,9050703562,,
RunDate_25Aug_14:31,124,N/A,DealNoIsNotReady,001070,FXBDC,FBS,"5,000.00",<NULL>,AUD,9050703562,,,25/08/2020,123456,,Current rate-1%,test,,123456,N/A,256,9050703562,,
RunDate_25Aug_14:43,128,N/A,DealNoIsNotReady,001070,FXBDC,FBS,1205,<NULL>,EUR,4047045697,,,25/08/2020,N/A,Spot,,test,,N/A,N/A,256,4047045697,,
RunDate_25Aug_14:45,128,N/A,DealNoIsNotReady,001070,FXBDC,FBS,1205,<NULL>,EUR,4047045697,,,25/08/2020,N/A,Spot,,test,,N/A,N/A,256,4047045697,,
RunDate_25Aug_14:51,81,N/A,FBS8739533720H25,001070,Forex,FBS,300,<NULL>,USD,4047143100,,,25/08/2020,N/A,,,test,,N/A,0017.07140000,251,4047143100,,
RunDate_25Aug_15:00,82,N/A,FBS8739533820H25,001070,Forex,FBS,330,<NULL>,CAD,4047143100,,,25/08/2020,N/A,,,test,,N/A,0000.07420000,252,296503029,,
RunDate_25Aug_15:05,83,N/A,FBS8739533920H25,001070,Forex,FBS,2000,<NULL>,AUD,4047850573,,,25/08/2020,N/A,,,test,,N/A,0000.07900000,255,4047850573,,
RunDate_25Aug_15:10,84,N/A,FBS8739534020H25,001070,Forex,FBS,900,<NULL>,USD,4047127954,,,25/08/2020,N/A,,,test,,N/A,0017.07140000,255,4047127954,,
RunDate_25Aug_15:15,85,N/A,FBS8739534120H25,001070,Forex,FBS,"70,000.00",<NULL>,USD,4047045697,,,25/08/2020,123456,Current rate-1%,"70,000.00",test,,123456,0017.07140000,256,4047045697,,
RunDate_25Aug_15:20,86,N/A,FBS8739534220H25,001070,Forex,FBS,1250,<NULL>,USD,4047045697,,,25/08/2020,N/A,,,test,,N/A,0017.07140000,256,296503029,,
RunDate_25Aug_15:36,166,N/A,FBS8739534420H25,001070,Forex,FBS,9000,<NULL>,USD,4047127954,,,25/08/2020,N/A,,,test,,N/A,0017.07140000,255,4047127954,,
RunDate_25Aug_15:41,167,N/A,FBS8739534520H25,001070,Forex,FBS,"6,000.00",<NULL>,USD,4047127954,,,25/08/2020,N/A,,,test,,N/A,0017.07140000,255,4047127954,,
RunDate_25Aug_15:46,168,N/A,FBS8739534620H25,001070,Forex,FBS,"6,000.00",<NULL>,USD,4047127954,,,25/08/2020,123456,,Current rate-1%,test,,123456,0017.07140000,255,4047127954,,
RunDate_25Aug_15:57,171,N/A,FBS8739534820H25,001070,Forex,FBS,395,<NULL>,USD,4047143100,,,25/08/2020,N/A,Today,,test,,N/A,0017.05540000,251,4047143100,,
RunDate_25Aug_16:03,172,N/A,FBS8739534920H25,001070,Forex,FBS,350,<NULL>,EUR,4047127954,,,25/08/2020,N/A,Spot,,test,,N/A,0020.21880000,255,4047127954,,
RunDate_25Aug_17:49,76,N/A,FBP8739485220H25,001070,Forex,FBP,500,<NULL>,USD,4047127954,,,25/08/2020,N/A,,,test,,N/A,0016.65200000,255,4047127954,,
RunDate_25Aug_18:06,76,N/A,FBP8739485320H25,001070,Forex,FBP,500,<NULL>,USD,4047127954,,,25/08/2020,N/A,,,test,,N/A,0016.65200000,255,4047127954,,
RunDate_25Aug_18:41,76,N/A,FBP8739485420H25,001070,Forex,FBP,500,<NULL>,USD,4047127954,,,25/08/2020,N/A,,,test,,N/A,0016.65200000,255,4047127954,,
RunDate_25Aug_18:52,76,N/A,FBP8739485520H25,001070,Forex,FBP,500,<NULL>,USD,4047127954,,,25/08/2020,N/A,,,test,,N/A,0016.65200000,255,4047127954,,
RunDate_25Aug_19:05,77,N/A,FBP8739485620H25,001070,Forex,FBP,2500,<NULL>,CAD,1006990467,,,25/08/2020,N/A,,,test,,N/A,0000.08670000,417,1006990467,,
RunDate_25Aug_20:02,77,N/A,FBP8739485720H25,001070,Forex,FBP,2500,<NULL>,CAD,1006990467,,,25/08/2020,N/A,,,test,,N/A,0000.08670000,417,1006990467,,
RunDate_25Aug_20:07,79,N/A,FBP8739485820H25,001070,Forex,FBP,8600,<NULL>,CAD,4047045697,,,25/08/2020,N/A,Spot,,test,,N/A,0000.08670000,256,4047045697,,
RunDate_25Aug_20:35,79,N/A,FBP8739485920H25,001070,Forex,FBP,8600,<NULL>,CAD,4047045697,,,25/08/2020,N/A,Spot,,test,,N/A,0000.08670000,256,4047045697,,
RunDate_25Aug_20:51,79,N/A,FBP8739486020H25,001070,Forex,FBP,8600,<NULL>,CAD,4047045697,,,25/08/2020,N/A,Spot,,test,,N/A,0000.08670000,256,4047045697,,
RunDate_25Aug_21:17,79,N/A,FBP8739486120H25,001070,Forex,FBP,8600,<NULL>,CAD,4047045697,,,25/08/2020,N/A,Spot,,test,,N/A,0000.08670000,256,4047045697,,
RunDate_25Aug_21:47,79,N/A,FBP8739486220H25,001070,Forex,FBP,8600,<NULL>,CAD,4047045697,,,25/08/2020,N/A,Spot,,test,,N/A,0000.08670000,256,4047045697,,
RunDate_25Aug_22:16,76,N/A,FBP8739486320H25,001070,Forex,FBP,500,<NULL>,USD,4047127954,,,25/08/2020,N/A,,,test,,N/A,0016.65200000,255,4047127954,,
RunDate_25Aug_22:20,77,N/A,FBP8739486420H25,001070,Forex,FBP,2500,<NULL>,CAD,1006990467,,,25/08/2020,N/A,,,test,,N/A,0000.08670000,417,1006990467,,
RunDate_25Aug_22:27,78,N/A,FBP8739486520H25,001070,Forex,FBP,67000,<NULL>,USD,1006990467,,,25/08/2020,123456,Current rate-1%,67000,test,,123456,0016.65200000,416,1006990467,,
RunDate_25Aug_22:33,79,N/A,FBP8739486620H25,001070,Forex,FBP,8600,<NULL>,CAD,4047045697,,,25/08/2020,N/A,Spot,,test,,N/A,0000.08670000,256,4047045697,,
RunDate_25Aug_22:44,160,N/A,FBP8739486820H25,001070,Forex,FBP,1000,<NULL>,USD,4047127954,,,25/08/2020,N/A,,,test,,N/A,0016.65200000,255,4047127954,,
RunDate_25Aug_22:49,161,N/A,FBP8739486920H25,001070,Forex,FBP,3000,<NULL>,AUD,4047045697,,,25/08/2020,123456,-0.1,,test,,123456,0000.07840000,256,4047045697,,
RunDate_25Aug_22:59,162,N/A,FBP8739487020H25,001070,Forex,FBP,700,<NULL>,CNY,4047127954,,,25/08/2020,N/A,,,test,,N/A,0000.47440000,255,4047127954,,
RunDate_25Aug_23:05,163,N/A,FBP8739487120H25,001070,Forex,FBP,4900,<NULL>,CAD,4047127954,,,25/08/2020,N/A,Today,,test,,N/A,0000.07320000,255,4047127954,,
RunDate_25Aug_23:10,164,N/A,FBP8739487220H25,001070,Forex,FBP,1250,<NULL>,AUD,4047143100,,,25/08/2020,N/A,Spot,,test,,N/A,0000.08840000,250,4047143100,,
RunDate_25Aug_23:16,37,N/A,DealNoIsNotReady,001070,FXBDC,FBP,1111,<NULL>,USD,4047045697,,,25/08/2020,N/A,,,test,,N/A,0016.65200000,256,4047045697,,
RunDate_25Aug_23:20,38,N/A,DealNoIsNotReady,001070,FXBDC,FBP,340,<NULL>,CAD,1006990467,,,25/08/2020,N/A,,,test,,N/A,0000.08670000,417,1006990467,,
RunDate_25Aug_23:29,39,N/A,DealNoIsNotReady,001070,FXBDC,FBP,999,<NULL>,AUD,4047850573,,,25/08/2020,N/A,,,test,,N/A,0000.08840000,255,4047850573,,
RunDate_25Aug_23:33,40,N/A,DealNoIsNotReady,001070,FXBDC,FBP,700,<NULL>,AUD,4047045697,,,25/08/2020,N/A,,,test,,N/A,0000.08840000,256,4047045697,,
RunDate_25Aug_23:37,41,N/A,DealNoIsNotReady,001070,FXBDC,FBP,700,<NULL>,USD,4047127954,,,25/08/2020,123456,Current rate-1%,,test,,123456,0015.65200000,255,4047127954,,
RunDate_25Aug_23:46,42,N/A,DealNoIsNotReady,001070,FXBDC,FBP,3000,<NULL>,CNY,4047045697,,,25/08/2020,N/A,,,test,,N/A,0000.47440000,256,4047045697,,
RunDate_25Aug_23:50,43,N/A,DealNoIsNotReady,001070,FXBDC,FBP,62597,<NULL>,GBP,9050703562,,,25/08/2020,123456,Current rate-1%,"62,597.00",test,,123456,0021.67370000,256,9050703562,,
RunDate_26Aug_00:29,44,N/A,DealNoIsNotReady,001069,FXBDC,FBP,7500,<NULL>,EUR,4047127954,,,26/08/2020,N/A,Spot,,test,,N/A,0019.55800000,255,4047127954,,
RunDate_26Aug_00:39,95,N/A,DealNoIsNotReady,001069,FXBDC,FBP,700,<NULL>,AUD,4047045697,,,26/08/2020,N/A,,,test,,N/A,0000.08840000,256,4047045697,,
RunDate_26Aug_00:44,96,N/A,DealNoIsNotReady,001069,FXBDC,FBP,3000,<NULL>,AUD,4047045697,,,26/08/2020,N/A,,,test,,N/A,0000.08840000,256,4047045697,,
RunDate_26Aug_09:36,9,NotVerified,TRO8739968620H26,001070,Forex,TRO,160,<NULL>,USD,4047127954,10421,,26/08/2020,N/A,,,test,,N/A,0017.01430000,101 001,4047127954,,
RunDate_26Aug_09:50,76,N/A,FBP8739488720H26,001070,Forex,FBP,500,<NULL>,USD,4047127954,,,26/08/2020,N/A,,,test,,N/A,0016.60110000,255,4047127954,,
RunDate_26Aug_10:54,76,N/A,FBP8739488820H26,001070,Forex,FBP,500,<NULL>,USD,4047127954,,,26/08/2020,N/A,,,test,,N/A,0016.60110000,255,4047127954,,
RunDate_26Aug_14:41,76,N/A,FBP8739488920H26,001070,Forex,FBP,500,<NULL>,USD,4047127954,,,26/08/2020,N/A,,,test,,N/A,0016.60110000,255,4047127954,,
RunDate_26Aug_15:02,71,N/A,TFC8739932420H26,001070,Forex,TFC,200,<NULL>,USD,4047127954,,,N/A,N/A,,,test,,N/A,26/08/2020,255,4047127954,,
RunDate_26Aug_15:11,75,N/A,TFC8739932520H26,001070,Forex,TFC,220,<NULL>,GBP,1006990467,,,N/A,N/A,,,test,,N/A,26/08/2020,417,1006990467,,
RunDate_26Aug_15:17,52,N/A,DealNoIsNotReady,001070,FXBDC,PFC,70,<NULL>,USD,4047045697,,,26/08/2020,N/A,,,test,,N/A,0016.62710000,256,4047045697,,
RunDate_26Aug_15:21,60,N/A,DealNoIsNotReady,001070,FXBDC,PFC,10,<NULL>,USD,9050703562,,,26/08/2020,N/A,Spot,,test,,N/A,0016.62710000,256,9050703562,,
RunDate_26Aug_15:26,19,N/A,PFC8739639220H26,001070,Forex,PFC,23,<NULL>,AUD,4047127954,,,26/08/2020,N/A,Spot,,test,,N/A,0000.08650000,255,4047127954,,
RunDate_26Aug_15:30,22,N/A,PFC8739639320H26,001070,Forex,PFC,22,<NULL>,AED,1006990467,,,26/08/2020,N/A,Spot,,test,,N/A,0000.22720000,417,1006990467,,
RunDate_26Aug_15:33,46,N/A,DealNoIsNotReady,001070,FXBDC,FBS,333,<NULL>,CAD,4047045697,,,26/08/2020,N/A,,,test,,N/A,N/A,256,4047045697,,
RunDate_26Aug_15:35,46,N/A,FBS8739535320H26,001070,FXBDC,FBS,333,<NULL>,CAD,4047045697,,,26/08/2020,N/A,,,test,,N/A,N/A,256,4047045697,,
RunDate_26Aug_15:44,84,N/A,FBS8739535420H26,001070,Forex,FBS,900,<NULL>,USD,4047127954,,,26/08/2020,N/A,,,test,,N/A,0017.02030000,255,4047127954,,
RunDate_26Aug_15:49,86,N/A,FBS8739535520H26,001070,Forex,FBS,1250,<NULL>,USD,4047045697,,,26/08/2020,N/A,,,test,,N/A,0017.02030000,256,296503029,,
RunDate_26Aug_17:12,52,N/A,DealNoIsNotReady,001070,FXBDC,PFC,70,<NULL>,USD,4047045697,,,26/08/2020,N/A,,,test,,N/A,0016.62710000,256,4047045697,,
RunDate_26Aug_17:45,52,N/A,DealNoIsNotReady,001070,FXBDC,PFC,70,<NULL>,USD,4047045697,,,26/08/2020,N/A,,,test,,N/A,0016.62710000,256,4047045697,,
RunDate_26Aug_18:15,52,N/A,DealNoIsNotReady,001070,FXBDC,PFC,70,<NULL>,USD,4047045697,,,26/08/2020,N/A,,,test,,N/A,0016.62710000,256,4047045697,,
RunDate_26Aug_18:59,52,N/A,DealNoIsNotReady,001070,FXBDC,PFC,70,<NULL>,USD,4047045697,,,26/08/2020,N/A,,,test,,N/A,0016.62710000,256,4047045697,,
RunDate_26Aug_19:26,52,N/A,DealNoIsNotReady,001070,FXBDC,PFC,70,<NULL>,USD,4047045697,,,26/08/2020,N/A,,,test,,N/A,0016.62710000,256,4047045697,,
RunDate_26Aug_20:00,52,N/A,DealNoIsNotReady,001070,FXBDC,PFC,70,<NULL>,USD,4047045697,,,26/08/2020,N/A,,,test,,N/A,0016.62710000,256,4047045697,,
RunDate_26Aug_20:26,52,N/A,DealNoIsNotReady,001070,FXBDC,PFC,70,<NULL>,USD,4047045697,,,26/08/2020,N/A,,,test,,N/A,0016.62710000,256,4047045697,,
RunDate_26Aug_20:48,52,N/A,DealNoIsNotReady,001070,FXBDC,PFC,70,<NULL>,USD,4047045697,,,26/08/2020,N/A,,,test,,N/A,0016.62710000,256,4047045697,,
RunDate_26Aug_21:01,52,N/A,DealNoIsNotReady,001070,FXBDC,PFC,70,<NULL>,USD,4047045697,,,26/08/2020,N/A,,,test,,N/A,0016.62710000,256,4047045697,,
RunDate_26Aug_21:37,52,N/A,DealNoIsNotReady,001070,FXBDC,PFC,70,<NULL>,USD,4047045697,,,26/08/2020,N/A,,,test,,N/A,0016.62710000,256,4047045697,,
RunDate_26Aug_21:53,52,N/A,DealNoIsNotReady,001070,FXBDC,PFC,70,<NULL>,USD,4047045697,,,26/08/2020,N/A,,,test,,N/A,0016.62710000,256,4047045697,,
RunDate_27Aug_10:38,52,N/A,DealNoIsNotReady,001070,FXBDC,PFC,70,<NULL>,USD,4047045697,,,27/08/2020,N/A,,,test,,N/A,0016.70880000,256,4047045697,,
RunDate_27Aug_11:12,37,N/A,DealNoIsNotReady,001070,FXBDC,FBP,1111,<NULL>,USD,4047045697,,,27/08/2020,N/A,,,test,,N/A,0016.68280000,256,4047045697,,
RunDate_27Aug_11:18,106,N/A,TCP8739595420H27,001070,FXBDC,TCP,1000,<NULL>,USD,4047127954,,,27/08/2020,N/A,,,test,,N/A,0016.68280000,255,4047127954,,
RunDate_27Aug_11:22,103,N/A,TCP8739595520H27,001070,Forex,TCP,150,<NULL>,USD,4047127954,,,27/08/2020,N/A,,,test,,N/A,0016.68280000,255,4047127954,,
RunDate_27Aug_11:28,2,N/A,TFC8739932620H27,001070,FXBDC,TFC,100,<NULL>,USD,4047127954,,,N/A,N/A,,,test,,N/A,27/08/2020,255,4047127954,,
RunDate_27Aug_11:36,71,N/A,TFC8739932720H27,001070,Forex,TFC,200,<NULL>,USD,4047127954,,,N/A,N/A,,,test,,N/A,27/08/2020,255,4047127954,,
RunDate_27Aug_11:42,52,N/A,DealNoIsNotReady,001070,FXBDC,PFC,70,<NULL>,USD,4047045697,,,27/08/2020,N/A,,,test,,N/A,0016.70880000,256,4047045697,,
RunDate_27Aug_11:49,19,N/A,PFC8739641020H27,001070,Forex,PFC,23,<NULL>,AUD,4047127954,,,27/08/2020,N/A,Spot,,test,,N/A,0000.08560000,255,4047127954,,
RunDate_27Aug_11:52,46,N/A,DealNoIsNotReady,001070,FXBDC,FBS,333,<NULL>,CAD,4047045697,,,27/08/2020,N/A,,,test,,N/A,N/A,256,4047045697,,
RunDate_27Aug_11:55,46,N/A,FBS8739535620H27,001070,FXBDC,FBS,333,<NULL>,CAD,4047045697,,,27/08/2020,N/A,,,test,,N/A,N/A,256,4047045697,,
RunDate_27Aug_11:58,84,N/A,FBS8739535720H27,001070,Forex,FBS,900,<NULL>,USD,4047127954,,,27/08/2020,N/A,,,test,,N/A,0017.10110000,255,4047127954,,
RunDate_27Aug_15:19,106,N/A,4047127954,001070,FXBDC,TCP,1000,<NULL>,USD,4047127954,,,27/08/2020,N/A,,,test,,N/A,0016.68280000,255,4047127954,,
RunDate_27Aug_15:24,107,N/A,DealNoIsNotReady,001070,FXBDC,TCP,1200,<NULL>,CAD,4047127954,,,27/08/2020,N/A,,,test,,N/A,0000.08620000,255,4047127954,,
RunDate_27Aug_15:31,113,N/A,DealNoIsNotReady,001070,FXBDC,TCP,1200,<NULL>,EUR,4047127954,,,27/08/2020,123456,Current rate-1%,,test,,123456,0018.62570000,255,4047127954,,
RunDate_27Aug_15:36,117,N/A,DealNoIsNotReady,001070,FXBDC,TCP,1250,<NULL>,EUR,4047127954,,,27/08/2020,1234,13.2,1250,test,,1234,0013.20000000,255,4047127954,,
RunDate_27Aug_15:40,141,N/A,DealNoIsNotReady,001070,FXBDC,TCP,1100,<NULL>,EUR,4047127954,,,27/08/2020,897845,19.7257,,test,,897845,0019.72570000,255,4047127954,,
RunDate_27Aug_15:45,144,N/A,DealNoIsNotReady,001070,FXBDC,TCP,2500,<NULL>,GBP,9051169840,,,27/08/2020,N/A,,,test,,N/A,0021.88820000,256,9051169840,,
RunDate_27Aug_15:49,147,N/A,DealNoIsNotReady,001070,FXBDC,TCP,70000,<NULL>,USD,4047127954,,,27/08/2020,123456,Current rate-1%,67000,test,,123456,0016.68280000,255,4047127954,,
RunDate_27Aug_15:51,150,N/A,DealNoIsNotReady,001070,FXBDC,TCP,2500,<NULL>,EUR,9050703562,,,27/08/2020,N/A,,,test,,N/A,0019.62570000,256,9050703562,,
RunDate_27Aug_16:18,103,N/A,TCP8739597320H27,001070,Forex,TCP,150,<NULL>,USD,4047127954,,,27/08/2020,N/A,,,test,,N/A,0016.68280000,255,4047127954,,
RunDate_27Aug_16:23,104,N/A,TCP8739597420H27,001070,Forex,TCP,150,<NULL>,CAD,4047045697,,,27/08/2020,N/A,,,test,,N/A,0000.08620000,256,4047045697,,
RunDate_27Aug_16:30,112,N/A,TCP8739597520H27,001070,Forex,TCP,1200,<NULL>,USD,4047127954,,,27/08/2020,123456,Current rate-1%,,test,,123456,0015.68280000,255,4047127954,,
RunDate_27Aug_16:36,116,N/A,TCP8739597620H27,001070,Forex,TCP,1250,<NULL>,USD,4047045697,,,27/08/2020,1234,13.2,1500,test,,1234,0013.20000000,256,4047045697,,
RunDate_27Aug_16:41,143,N/A,TCP8739597720H27,001070,Forex,TCP,300,<NULL>,USD,4047045697,,,27/08/2020,N/A,,,test,,N/A,0016.68280000,256,4047045697,,
RunDate_27Aug_16:49,146,N/A,TCP8739597820H27,001070,Forex,TCP,74000,<NULL>,EUR,4047045697,,,27/08/2020,1999,Current rate-1%,,test,,1999,0019.62570000,256,4047045697,,
RunDate_27Aug_16:54,149,N/A,TCP8739597920H27,001070,Forex,TCP,180,<NULL>,USD,4047127954,,,27/08/2020,N/A,,,test,,N/A,0016.68280000,255,4047127954,,
RunDate_27Aug_18:46,106,N/A,TCP8739598520H27,001070,FXBDC,TCP,1000,<NULL>,USD,4047127954,,,27/08/2020,N/A,,,test,,N/A,0016.68280000,255,4047127954,,
RunDate_27Aug_18:50,107,N/A,TCP8739598620H27,001070,FXBDC,TCP,1200,<NULL>,CAD,4047127954,,,27/08/2020,N/A,,,test,,N/A,0000.08620000,255,4047127954,,
RunDate_27Aug_18:56,113,N/A,TCP8739598820H27,001070,FXBDC,TCP,1200,<NULL>,EUR,4047127954,,,27/08/2020,123456,Current rate-1%,,test,,123456,0018.62570000,255,4047127954,,
RunDate_27Aug_19:00,117,N/A,TCP8739598920H27,001070,FXBDC,TCP,1250,<NULL>,EUR,4047127954,,,27/08/2020,1234,13.2,1250,test,,1234,0013.20000000,255,4047127954,,
RunDate_27Aug_19:04,141,N/A,TCP8739599020H27,001070,FXBDC,TCP,1100,<NULL>,EUR,4047127954,,,27/08/2020,897845,19.7257,,test,,897845,0019.72570000,255,4047127954,,
RunDate_27Aug_19:14,147,N/A,TCP8739599220H27,001070,FXBDC,TCP,70000,<NULL>,USD,4047127954,,,27/08/2020,123456,Current rate-1%,67000,test,,123456,0016.68280000,255,4047127954,,
RunDate_27Aug_19:16,150,N/A,DealNoIsNotReady,001070,FXBDC,TCP,2500,<NULL>,EUR,9050703562,,,27/08/2020,N/A,,,test,,N/A,0019.62570000,256,9050703562,,
RunDate_27Aug_19:42,103,N/A,TCP8739599920H27,001070,Forex,TCP,150,<NULL>,USD,4047127954,,,27/08/2020,N/A,,,test,,N/A,0016.68280000,255,4047127954,,
RunDate_27Aug_19:47,104,N/A,TCP8739600020H27,001070,Forex,TCP,150,<NULL>,CAD,4047045697,,,27/08/2020,N/A,,,test,,N/A,0000.08620000,256,4047045697,,
RunDate_27Aug_19:54,112,N/A,TCP8739600120H27,001070,Forex,TCP,1200,<NULL>,USD,4047127954,,,27/08/2020,123456,Current rate-1%,,test,,123456,0015.68280000,255,4047127954,,
RunDate_27Aug_19:59,116,N/A,TCP8739600220H27,001070,Forex,TCP,1250,<NULL>,USD,4047045697,,,27/08/2020,1234,13.2,1500,test,,1234,0013.20000000,256,4047045697,,
RunDate_27Aug_20:04,143,N/A,TCP8739600320H27,001070,Forex,TCP,300,<NULL>,USD,4047045697,,,27/08/2020,N/A,,,test,,N/A,0016.68280000,256,4047045697,,
RunDate_27Aug_20:09,146,N/A,TCP8739600420H27,001070,Forex,TCP,74000,<NULL>,EUR,4047045697,,,27/08/2020,1999,Current rate-1%,,test,,1999,0019.62570000,256,4047045697,,
RunDate_27Aug_20:17,149,N/A,TCP8739600520H27,001070,Forex,TCP,180,<NULL>,USD,4047127954,,,27/08/2020,N/A,,,test,,N/A,0016.68280000,255,4047127954,,
RunDate_27Aug_22:21,2,N/A,TFC8739932920H27,001070,FXBDC,TFC,100,<NULL>,USD,4047127954,,,N/A,N/A,,,test,,N/A,27/08/2020,255,4047127954,,
RunDate_27Aug_22:29,3,N/A,TFC8739933020H27,001070,FXBDC,TFC,200,<NULL>,AED,9050703562,,,N/A,N/A,,,test,,N/A,27/08/2020,256,9050703562,,
RunDate_27Aug_22:38,7,N/A,TFC8739933120H27,001070,FXBDC,TFC,200,<NULL>,AUD,1006990467,,,N/A,N/A,,,test,,N/A,27/08/2020,416,1006990467,,
RunDate_27Aug_22:48,8,N/A,TFC8739933220H27,001070,FXBDC,TFC,110,<NULL>,CAD,1006990467,,,N/A,N/A,,,test,,N/A,27/08/2020,417,1006990467,,
RunDate_27Aug_22:56,23,N/A,TFC8739933320H27,001070,FXBDC,TFC,200,<NULL>,GBP,4047850573,,,N/A,N/A,,,test,,N/A,27/08/2020,255,4047850573,,
RunDate_27Aug_23:05,24,N/A,TFC8739933420H27,001070,FXBDC,TFC,200,<NULL>,NZD,9050703562,,,N/A,N/A,,,test,,N/A,27/08/2020,256,9050703562,,
RunDate_27Aug_23:14,25,N/A,TFC8739933520H27,001070,FXBDC,TFC,200,<NULL>,USD,1006990467,,,N/A,N/A,,,test,,N/A,27/08/2020,416,1006990467,,
RunDate_27Aug_23:29,28,N/A,TFC8739933620H27,001070,FXBDC,TFC,200,<NULL>,CAD,4047045697,,,N/A,N/A,,,test,,N/A,27/08/2020,256,4047045697,,
RunDate_27Aug_23:36,29,N/A,TFC8739933720H27,001070,FXBDC,TFC,200,<NULL>,USD,4047127954,,,N/A,N/A,,,test,,N/A,27/08/2020,255,4047127954,,
RunDate_27Aug_23:46,31,N/A,TFC8739933920H27,001070,FXBDC,TFC,200,<NULL>,USD,9050703562,,,N/A,123456,15.324,300,test,,123456,27/08/2020,256,9050703562,,
RunDate_27Aug_23:54,33,N/A,TFC8739934020H27,001070,FXBDC,TFC,140,<NULL>,CAD,4047127954,,,N/A,N/A,,,test,,N/A,27/08/2020,255,4047127954,,
RunDate_28Aug_00:33,99,N/A,TFC8739934120H28,001069,FXBDC,TFC,200,<NULL>,EUR,4047127954,,,N/A,N/A,,,test,,N/A,28/08/2020,255,296503029,,
RunDate_28Aug_00:43,71,N/A,TFC8739934220H28,001069,Forex,TFC,200,<NULL>,USD,4047127954,,,N/A,N/A,,,test,,N/A,28/08/2020,255,4047127954,,
RunDate_28Aug_00:52,72,N/A,TFC8739934320H28,001069,Forex,TFC,190,<NULL>,AUD,4047850573,,,N/A,N/A,,,test,,N/A,28/08/2020,255,4047850573,,
RunDate_28Aug_00:59,73,N/A,TFC8739934420H28,001069,Forex,TFC,200,<NULL>,CAD,4047098470,,,N/A,N/A,,,test,,N/A,28/08/2020,256,4047098470,,
RunDate_28Aug_01:07,74,N/A,TFC8739934520H28,001069,Forex,TFC,210,<NULL>,EUR,1006990467,,,N/A,N/A,,,test,,N/A,28/08/2020,416,1006990467,,
RunDate_28Aug_01:15,75,N/A,TFC8739934620H28,001069,Forex,TFC,220,<NULL>,GBP,1006990467,,,N/A,N/A,,,test,,N/A,28/08/2020,417,1006990467,,
RunDate_28Aug_01:22,97,N/A,TFC8739934720H28,001069,Forex,TFC,230,<NULL>,NZD,4047127954,,,N/A,N/A,,,test,,N/A,28/08/2020,255,296503029,,
RunDate_28Aug_01:32,98,N/A,TFC8739934820H28,001069,Forex,TFC,240,<NULL>,USD,4047850573,,,N/A,N/A,,,test,,N/A,28/08/2020,255,4047850573,,
RunDate_28Aug_01:41,110,N/A,TFC8739934920H28,001069,Forex,TFC,200,<NULL>,USD,4047098470,,,N/A,123456,15.324,200,test,,123456,28/08/2020,256,4047098470,,
RunDate_28Aug_01:50,111,N/A,TFC8739935020H28,001069,Forex,TFC,"210,220,230",<NULL>,"USD,GBP,AED",4047127954,,,N/A,N/A,,,test,,N/A,28/08/2020,255,4047127954,,
RunDate_28Aug_01:57,114,N/A,TFC8739935120H28,001069,Forex,TFC,165,<NULL>,AED,4047098470,,,N/A,N/A,,,test,,N/A,28/08/2020,256,4047098470,,
RunDate_28Aug_02:05,115,N/A,TFC8739935220H28,001069,Forex,TFC,200,<NULL>,AED,4047098470,,,N/A,N/A,,,test,,N/A,28/08/2020,256,4047098470,,
RunDate_28Aug_02:13,148,N/A,TFC8739935320H28,001069,Forex,TFC,135,<NULL>,AED,9050955513,,,N/A,N/A,,,test,,N/A,28/08/2020,256,9050955513,,
RunDate_28Aug_21:33,3,N/A,TFC8739935620H28,001069,FXBDC,TFC,200,<NULL>,AED,9050703562,,,N/A,N/A,,,test,,N/A,28/08/2020,256,9050703562,,
RunDate_29Aug_13:25,3,N/A,TFC8739935720H29,001070,FXBDC,TFC,200,<NULL>,AED,9050703562,,,N/A,N/A,,,test,,N/A,29/08/2020,256,9050703562,,
RunID-71,183,N/A,DealNoIsNotReady,001070,CBMT,CBO,10,<NULL>,EUR,9050955513,,,29/08/2020,N/A,,,test,,,N/A,401,9050955513,,
RunID-71,184,N/A,DealNoIsNotReady,001070,CBMI,CBO,15,<NULL>,USD,9050955513,,,29/08/2020,N/A,,,test,,,N/A,401,9050955513,,
RunID-71,18,N/A,FBP8739489920H29,001070,Forex,FBP,130,<NULL>,GBP,4047127954,,,29/08/2020,N/A,,,test,,,0022.00100000,255,4047127954,,
RunID-71,4,N/A,DealNoIsNotReady,001070,FXBDC,FBP,1500,<NULL>,CAD,9050703562,,,29/08/2020,N/A,,,test,,,0000.08570000,256,9050703562,,
RunID-71,14,N/A,FBS8739536020H29,001070,Forex,FBS,1600,<NULL>,GBP,4047045697,,,29/08/2020,N/A,,,test,,,0022.74020000,256,4047045697,,
RunID-71,5,N/A,DealNoIsNotReady,001070,FXBDC,FBS,150,<NULL>,USD,4047045697,,,29/08/2020,N/A,,,test,,,N/A,256,4047045697,,
RunID-71,5,N/A,FBS8739536120H29,001070,FXBDC,FBS,150,<NULL>,USD,4047045697,,,29/08/2020,N/A,,,test,,,N/A,256,4047045697,,
RunID-71,6,N/A,DealNoIsNotReady,001070,FXBDC,PFC,150,<NULL>,NZD,4047127954,,,29/08/2020,N/A,,,test,,,0000.09340000,255,4047127954,,
RunID-71,15,N/A,PFC8739641320H29,001070,Forex,PFC,59,<NULL>,AUD,4047045697,,,29/08/2020,N/A,,,test,,,0000.08490000,256,4047045697,,
RunID-71,64,N/A,TCP8739600920H29,001070,FXBDC,TCP,1200,<NULL>,EUR,4047045697,,,29/08/2020,N/A,,,test,,,0019.70360000,256,4047045697,,
RunID-71,62,N/A,TCP8739601020H29,001070,Forex,TCP,100,<NULL>,USD,4047045697,,,29/08/2020,N/A,,,test,,,0016.69980000,256,4047045697,,
RunID-71,65,N/A,TFC8739935820H29,001070,FXBDC,TFC,2500,<NULL>,AUD,9050955513,,,N/A,N/A,,,test,,,29/08/2020,256,9050955513,,
RunID-71,63,N/A,TFC8739935920H29,001070,Forex,TFC,1800,<NULL>,AED,4047127954,,,N/A,N/A,,,test,,,29/08/2020,255,296503029,,
RunID-71,13,Verified,FCR8739600320H29,001070,Forex,FCR,180,<NULL>,USD,4047127954,10421,,29/08/2020,N/A,,,test,,,0017.11040000,275,4047127954,,
RunID-71,9,Verified,TRO8739971220H29,001070,Forex,TRO,160,<NULL>,USD,4047127954,10421,,29/08/2020,N/A,,,test,,,0017.11040000,101 001,4047127954,,
RunID-71,11,Verified,BPO8739136520H29,001070,Forex,BPO,190,<NULL>,USD,1006990467,N/A,,29/08/2020,N/A,,,test,,,N/A,306,1006990467,,
RunID-71,17,Verified,FDT8739471620H29,001070,Forex,FDT,100,<NULL>,USD,4047143100,10421,,29/08/2020,N/A,,,test,,,0016.72580000,ZZ1,4047143100,,
RunID-88,15,N/A,PFC8739641420H30,001070,Forex,PFC,59,<NULL>,AUD,4047045697,,,30/08/2020,N/A,,,test,,,0000.08490000,256,4047045697,,
RunID-89,15,N/A,PFC8739641520H30,001070,Forex,PFC,59,<NULL>,AUD,4047045697,,,30/08/2020,N/A,,,test,,,0000.08490000,256,4047045697,,
RunID-94,15,N/A,PFC8739641620H30,001070,Forex,PFC,59,<NULL>,AUD,4047045697,,,30/08/2020,N/A,,,test,,,0000.08490000,256,4047045697,,
RunID-95,15,N/A,PFC8739641720H30,001070,Forex,PFC,59,<NULL>,AUD,4047045697,,,30/08/2020,N/A,,,test,,,0000.08490000,256,4047045697,,
RunID-96,15,N/A,PFC8739641820H30,001070,Forex,PFC,59,<NULL>,AUD,4047045697,,,30/08/2020,N/A,,,test,,,0000.08490000,256,4047045697,,
RunID-97,15,N/A,PFC8739641920H30,001070,Forex,PFC,59,<NULL>,AUD,4047045697,,,30/08/2020,N/A,,,test,,,0000.08490000,256,4047045697,,
RunID-98,15,N/A,PFC8739642020H30,001070,Forex,PFC,59,<NULL>,AUD,4047045697,,,30/08/2020,N/A,,,test,,,0000.08490000,256,4047045697,,
RunID-99,15,N/A,PFC8739642120H30,001070,Forex,PFC,59,<NULL>,AUD,4047045697,,,30/08/2020,N/A,,,test,,,0000.08490000,256,4047045697,,
RunID-100,2,N/A,TFC8739936020H30,001070,FXBDC,TFC,100,<NULL>,USD,4047127954,,,N/A,N/A,,,test,,,30/08/2020,255,4047127954,,
RunID-100,3,N/A,TFC8739936120H30,001070,FXBDC,TFC,200,<NULL>,AED,9050703562,,,N/A,N/A,,,test,,,30/08/2020,256,9050703562,,
RunID-100,23,N/A,TFC8739936320H30,001070,FXBDC,TFC,200,<NULL>,GBP,4047850573,,,N/A,N/A,,,test,,,30/08/2020,255,4047850573,,
RunID-100,24,N/A,TFC8739936420H30,001070,FXBDC,TFC,200,<NULL>,NZD,9050703562,,,N/A,N/A,,,test,,,30/08/2020,256,9050703562,,
RunID-100,28,N/A,TFC8739936520H30,001070,FXBDC,TFC,200,<NULL>,CAD,4047045697,,,N/A,N/A,,,test,,,30/08/2020,256,4047045697,,
RunID-100,29,N/A,TFC8739936620H30,001070,FXBDC,TFC,200,<NULL>,USD,4047127954,,,N/A,N/A,,,test,,,30/08/2020,255,4047127954,,
RunID-100,31,N/A,TFC8739936720H30,001070,FXBDC,TFC,200,<NULL>,USD,9050703562,,,N/A,123456,15.324,300,test,,,30/08/2020,256,9050703562,,
RunID-100,33,N/A,TFC8739936820H30,001070,FXBDC,TFC,140,<NULL>,CAD,4047127954,,,N/A,N/A,,,test,,,30/08/2020,255,4047127954,,
RunID-100,99,N/A,TFC8739936920H30,001070,FXBDC,TFC,200,<NULL>,EUR,4047127954,,,N/A,N/A,,,test,,,30/08/2020,255,296503029,,
RunID-100,71,N/A,TFC8739937020H30,001070,Forex,TFC,200,<NULL>,USD,4047127954,,,N/A,N/A,,,test,,,30/08/2020,255,4047127954,,
RunID-100,72,N/A,TFC8739937120H30,001070,Forex,TFC,190,<NULL>,AUD,4047850573,,,N/A,N/A,,,test,,,30/08/2020,255,4047850573,,
RunID-100,73,N/A,TFC8739937220H30,001070,Forex,TFC,200,<NULL>,CAD,4047098470,,,N/A,N/A,,,test,,,30/08/2020,256,4047098470,,
RunID-100,97,N/A,TFC8739937320H31,001069,Forex,TFC,230,<NULL>,NZD,4047127954,,,N/A,N/A,,,test,,,31/08/2020,255,296503029,,
RunID-100,98,N/A,TFC8739937420H31,001069,Forex,TFC,240,<NULL>,USD,4047850573,,,N/A,N/A,,,test,,,31/08/2020,255,4047850573,,
RunID-100,110,N/A,TFC8739937520H31,001069,Forex,TFC,200,<NULL>,USD,4047098470,,,N/A,123456,15.324,200,test,,,31/08/2020,256,4047098470,,
RunID-100,111,N/A,TFC8739937620H31,001069,Forex,TFC,"210,220,230",<NULL>,"USD,GBP,AED",4047127954,,,N/A,N/A,,,test,,,31/08/2020,255,4047127954,,
RunID-100,114,N/A,TFC8739937720H31,001069,Forex,TFC,165,<NULL>,AED,4047098470,,,N/A,N/A,,,test,,,31/08/2020,256,4047098470,,
RunID-100,115,N/A,TFC8739937820H31,001069,Forex,TFC,200,<NULL>,AED,4047098470,,,N/A,N/A,,,test,,,31/08/2020,256,4047098470,,
RunID-100,148,N/A,TFC8739937920H31,001069,Forex,TFC,135,<NULL>,AED,9050955513,,,N/A,N/A,,,test,,,31/08/2020,256,9050955513,,
RunID-101,185,NotVerified,TRO8739971620H31,001070,Forex,TRO,133,<NULL>,USD ,4047127954,10421,,31/08/2020,N/A,,,test,,,0017.11040000,105,4047127954,,
RunID-101,198,NotVerified,TRO8739971720H31,001070,Forex,TRO,3400,<NULL>,USD,4047127954,10421,,31/08/2020,N/A,,,test,,,0017.11040000,108,4047127954,,
RunID-101,203,NotVerified,TRO8739971820H31,001070,Forex,TRO,333,<NULL>,AUD,4047127954,12377,,31/08/2020,N/A,,,test,,,0000.07790000,241,4047127954,,
RunID-101,211,NotVerified,TRO8739971920H31,001070,Forex,TRO,301,<NULL>,AUD,4047127954,12377,,31/08/2020,N/A,,,test,,,0000.07790000,271 001 ,4047127954,,
RunID-101,215,NotVerified,TRO8739972020H31,001070,Forex,TRO,1500,<NULL>,NZD,4047127954,316257,,31/08/2020,N/A,,,test,,,0000.08450000,280,4047127954,,
RunID-101,220,NotVerified,TRO8739972120H31,001070,Forex,TRO,500,<NULL>,CAD,4047127954,10348,,31/08/2020,N/A,,,test,,,0000.07380000,288,4047127954,,
RunID-103,190,A system error has occured and processing cannot continue,TRO8739972220H31,001070,Forex,TRO,630,<NULL>,INR,4047127954,27177,,31/08/2020,N/A,,,test,,,0004.23100000,201,4047127954,,
RunID-103,210,A system error has occured and processing cannot continue,TRO8739972320H31,001070,Forex,TRO,222,<NULL>,EUR  ,4047051094,10967,,31/08/2020,N/A,,,test,,,0020.33260000,270 004 ,4047051094,,
RunID-103,210,NotVerified,TRO8739972420H31,001070,Forex,TRO,222,<NULL>,EUR  ,4047051094,10967,,31/08/2020,N/A,,,test,,,0020.33260000,270 004 ,4047051094,,
RunID-104,190,NotVerified,TRO8739972520H31,001069,Forex,TRO,630,<NULL>,INR,4047127954,27177,,31/08/2020,N/A,,,test,,,0004.23100000,201,4047127954,,
RunID-104,210,NotVerified,TRO8739972620H31,001070,Forex,TRO,222,<NULL>,EUR  ,4047051094,10967,,31/08/2020,N/A,,,test,,,0020.33260000,270 004 ,4047051094,,
RunID-104,224,NotVerified,TRO8739972720H31,001070,Forex,TRO,900,<NULL>,USD ,4047127954,10421,,31/08/2020,N/A,,,test,,,0017.11040000,308,4047127954,,
RunID-105,198,NotVerified,TRO8739973120I01,001070,Forex,TRO,3400,<NULL>,USD,4047127954,10421,,01/09/2020,N/A,,,test,,,0017.11040000,108,4047127954,,
RunID-105,228,NotVerified,TRO8739973220I01,001070,Forex,TRO,231,<NULL>,CAD,4047051094,10348,,01/09/2020,N/A,,,test,,,0000.07380000,404,4047051094,,
RunID-106,188,094 System Error - Hold might not have been lifted.  Please investigate!    Unable to find a matching description,TRO8739973320I01,001070,Forex,TRO,355.55,<NULL>,AUD,9050615840,12377,,01/09/2020,N/A,,,test,,,0000.07750000,108,9050615840,,
RunID-106,194,Verified,TRO8739973420I01,001070,Forex,TRO,130,<NULL>,EUR  ,4047127954,10967,,01/09/2020,N/A,,,test,,,0020.34920000,220,4047127954,,
RunID-106,195,NotVerified,TRO8739973620I01,001070,Forex,TRO,441,<NULL>,AUD,9050615840,12377,,01/09/2020,N/A,,,test,,,0000.07750000,221,9050615840,,
RunID-106,202,NotVerified,TRO8739973720I01,001070,Forex,TRO,876,<NULL>,EUR  ,4047127954,10967,,01/09/2020,N/A,,,test,,,0020.34920000,240 001,4047127954,,
RunID-106,214,NotVerified,TRO8739974020I01,001070,Forex,TRO,4500,<NULL>,INR,4047051094,27177,,01/09/2020,N/A,,,test,,,0004.23560000,276,4047051094,,
RunID-134,194,061 Order/Transaction number not found,TRO8739974620I01,001070,Forex,TRO,130,<NULL>,EUR  ,4047127954,10967,,01/09/2020,N/A,,,test,,,0020.34920000,220,4047127954,,
RunID-140,188,NotVerified,TRO8739974820I02,001070,Forex,TRO,355.55,<NULL>,AUD,9050615840,12377,,02/09/2020,N/A,,,test,,,0000.07850000,108,9050615840,,
RunID-145,188,NotVerified,TRO8739974920I02,001070,Forex,TRO,355.55,<NULL>,AUD,9050615840,12377,,02/09/2020,N/A,,,test,,,0000.07850000,108,9050615840,,
RunID-173,203,NotVerified,TRO8739975420I03,001070,Forex,TRO,333,<NULL>,AUD,4047127954,12377,,03/09/2020,N/A,,,test,,,0000.07850000,241,4047127954,,
RunID-174,185,NotVerified,TRO8739975520I03,001070,Forex,TRO,133,<NULL>,USD ,4047127954,10421,,03/09/2020,N/A,,,test,,,0016.83190000,105,4047127954,,
RunID-176,211,NotVerified,TRO8739975920I03,001070,Forex,TRO,301,<NULL>,AUD,4047127954,12377,,03/09/2020,N/A,,,test,,,0000.07820000,271 001 ,4047127954,,
RunID-209,183,N/A,DealNoIsNotReady,001070,CBMT,CBO,10,<NULL>,EUR,9050955513,,,08/09/2020,N/A,,,test,,,N/A,401,9050955513,,
RunID-209,18,N/A,FBP8739492920I08,001070,Forex,FBP,130,<NULL>,GBP,4047127954,,,08/09/2020,N/A,,,test,,,0021.79860000,255,4047127954,,
RunID-209,14,N/A,FBS8739538420I08,001070,Forex,FBS,1600,<NULL>,GBP,4047045697,,,08/09/2020,N/A,,,test,,,0022.53620000,256,4047045697,,
RunID-209,62,N/A,TCP8739601720I08,001070,Forex,TCP,100,<NULL>,USD,4047045697,,,08/09/2020,N/A,,,test,,,0016.52990000,256,4047045697,,
RunID-209,63,N/A,TFC8739941720I08,001070,Forex,TFC,1800,<NULL>,AED,4047127954,,,N/A,N/A,,,test,,,08/09/2020,255,296503029,,
RunID-209,13,Verified,FCR8739601520I08,001070,Forex,FCR,180,<NULL>,USD,4047127954,10421,,08/09/2020,N/A,,,test,,,0016.94310000,275,4047127954,,
RunID-209,9,Verified,TRO8739977620I08,001070,Forex,TRO,160,<NULL>,USD,4047127954,10421,,08/09/2020,N/A,,,test,,,0016.94310000,101 001,4047127954,,
RunID-209,17,Verified,FDT8739472320I08,001070,Forex,FDT,100,<NULL>,USD,4047143100,10421,,08/09/2020,N/A,,,test,,,0016.55590000,ZZ1,4047143100,,
RunID-220,175,N/A,PFC8739642520I08,001070,Forex,PFC,120,<NULL>,AED,4047127954,,,08/09/2020,N/A,,,test,,,0000.22830000,255,4047127954,,
RunID-220,176,N/A,PFC8739642620I08,001070,Forex,PFC,13,<NULL>,AED,4047127954,,,08/09/2020,N/A,,,test,,,0000.22830000,255,4047127954,,
RunID-221,175,N/A,PFC8739642720I08,001070,Forex,PFC,120,<NULL>,AED,4047127954,,,08/09/2020,N/A,,,test,,,0000.22830000,255,4047127954,,
RunID-222,175,N/A,PFC8739642820I08,001070,Forex,PFC,120,<NULL>,AED,4047127954,,,08/09/2020,N/A,,,test,,,0000.22830000,255,4047127954,,
RunID-223,175,N/A,PFC8739642920I08,001070,Forex,PFC,120,<NULL>,AED,4047127954,,,08/09/2020,N/A,,,test,,,0000.22830000,255,4047127954,,
RunID-224,175,N/A,PFC8739643020I08,001070,Forex,PFC,120,<NULL>,AED,4047127954,,,08/09/2020,N/A,,,test,,,0000.22830000,255,4047127954,,
RunID-225,175,N/A,PFC8739643120I08,001070,Forex,PFC,120,<NULL>,AED,4047127954,,,08/09/2020,N/A,,,test,,,0000.22830000,255,4047127954,,
RunID-225,176,N/A,PFC8739643220I08,001070,Forex,PFC,13,<NULL>,AED,4047127954,,,08/09/2020,N/A,,,test,,,0000.22830000,255,4047127954,,
RunID-226,175,N/A,PFC8739643420I08,001070,Forex,PFC,120,<NULL>,AED,4047127954,,,08/09/2020,N/A,,,test,,,0000.22830000,255,4047127954,,
RunID-227,60,N/A,DealNoIsNotReady,001070,FXBDC,PFC,10,<NULL>,USD,9050703562,,,08/09/2020,N/A,Spot,,test,,,0016.55590000,256,9050703562,,
RunID-229,60,N/A,DealNoIsNotReady,001070,FXBDC,PFC,10,<NULL>,USD,9050703562,,,08/09/2020,N/A,Spot,,test,,,0016.55590000,256,9050703562,,
RunID-230,60,N/A,DealNoIsNotReady,001070,FXBDC,PFC,10,<NULL>,USD,9050703562,,,08/09/2020,N/A,Spot,,test,,,0016.55590000,256,9050703562,,
RunID-231,60,N/A,DealNoIsNotReady,001070,FXBDC,PFC,10,<NULL>,USD,9050703562,,,08/09/2020,N/A,Spot,,test,,,0016.55590000,256,9050703562,,
RunID-232,60,N/A,DealNoIsNotReady,001070,FXBDC,PFC,10,<NULL>,USD,9050703562,,,08/09/2020,N/A,Spot,,test,,,0016.55590000,256,9050703562,,
RunID-233,60,N/A,DealNoIsNotReady,001070,FXBDC,PFC,10,<NULL>,USD,9050703562,,,08/09/2020,N/A,Spot,,test,,,0016.55590000,256,9050703562,,
RunID-234,52,N/A,DealNoIsNotReady,001070,FXBDC,PFC,70,<NULL>,USD,4047045697,,,08/09/2020,N/A,,,test,,,0016.55590000,256,4047045697,,
RunID-234,56,N/A,DealNoIsNotReady,001070,FXBDC,PFC,10,<NULL>,NZD,1006990467,,,08/09/2020,N/A,Spot,,test,,,0000.09390000,306,1006990467,,
RunID-234,57,N/A,DealNoIsNotReady,001070,FXBDC,PFC,10,<NULL>,EUR,1006990467,,,08/09/2020,N/A,Spot,,test,,,0019.58590000,305,1006990467,,
RunID-234,58,N/A,DealNoIsNotReady,001070,FXBDC,PFC,10,<NULL>,NZD,4047127954,,,08/09/2020,N/A,Spot,,test,,,0000.09390000,255,4047127954,,
RunID-234,60,N/A,DealNoIsNotReady,001070,FXBDC,PFC,10,<NULL>,USD,9050703562,,,08/09/2020,N/A,Spot,,test,,,0016.55590000,256,9050703562,,
RunID-234,133,N/A,DealNoIsNotReady,001070,FXBDC,PFC,65,<NULL>,GBP,9050703562,,,08/09/2020,N/A,,,test,,,0021.91960000,256,9050703562,,
RunID-234,135,N/A,DealNoIsNotReady,001070,FXBDC,PFC,250,<NULL>,GBP,9050703562,,,08/09/2020,123456,Current rate-1%,,test,,,0020.91960000,256,9050703562,,
RunID-243,52,N/A,DealNoIsNotReady,001070,FXBDC,PFC,70,<NULL>,USD,4047045697,,,09/09/2020,N/A,,,test,,,0016.77490000,256,4047045697,,
RunID-245,52,N/A,DealNoIsNotReady,001070,FXBDC,PFC,70,<NULL>,USD,4047045697,,,09/09/2020,N/A,,,test,,,0016.77490000,256,4047045697,,
RunID-247,52,N/A,DealNoIsNotReady,001070,FXBDC,PFC,70,<NULL>,USD,4047045697,,,09/09/2020,N/A,,,test,,,0016.77490000,256,4047045697,,
RunID-251,183,N/A,DealNoIsNotReady,001070,CBMT,CBO,10,<NULL>,EUR,9050955513,,,09/09/2020,N/A,,,test,,,N/A,401,9050955513,,
RunID-251,184,N/A,DealNoIsNotReady,001070,CBMI,CBO,15,<NULL>,USD,9050955513,,,09/09/2020,N/A,,,test,,,N/A,401,9050955513,,
RunID-251,4,N/A,DealNoIsNotReady,001070,FXBDC,FBP,1500,<NULL>,CAD,9050703562,,,09/09/2020,N/A,,,test,,,0000.08640000,256,9050703562,,
RunID-251,14,N/A,FBS8739539720I09,001070,Forex,FBS,1600,<NULL>,GBP,4047045697,,,09/09/2020,N/A,,,test,,,0022.25180000,256,4047045697,,
RunID-251,5,N/A,DealNoIsNotReady,001070,FXBDC,FBS,150,<NULL>,USD,4047045697,,,09/09/2020,N/A,,,test,,,N/A,256,4047045697,,
RunID-251,5,N/A,DealNoIsNotReady,001070,FXBDC,FBS,150,<NULL>,USD,4047045697,,,09/09/2020,N/A,,,test,,,N/A,256,4047045697,,
RunID-251,6,N/A,DealNoIsNotReady,001070,FXBDC,PFC,150,<NULL>,NZD,4047127954,,,09/09/2020,N/A,,,test,,,0000.09390000,255,4047127954,,
RunID-251,15,N/A,PFC8739646020I09,001070,Forex,PFC,59,<NULL>,AUD,4047045697,,,09/09/2020,N/A,,,test,,,0000.08550000,256,4047045697,,
RunID-252,183,N/A,DealNoIsNotReady,001070,CBMT,CBO,10,<NULL>,EUR,9050955513,,,09/09/2020,N/A,,,test,,,N/A,401,9050955513,,
RunID-252,184,N/A,DealNoIsNotReady,001070,CBMI,CBO,15,<NULL>,USD,9050955513,,,09/09/2020,N/A,,,test,,,N/A,401,9050955513,,
RunID-252,4,N/A,DealNoIsNotReady,001070,FXBDC,FBP,1500,<NULL>,CAD,9050703562,,,09/09/2020,N/A,,,test,,,0000.08640000,256,9050703562,,
RunID-252,14,N/A,FBS8739539920I09,001070,Forex,FBS,1600,<NULL>,GBP,4047045697,,,09/09/2020,N/A,,,test,,,0022.25180000,256,4047045697,,
RunID-252,5,N/A,DealNoIsNotReady,001070,FXBDC,FBS,150,<NULL>,USD,4047045697,,,09/09/2020,N/A,,,test,,,N/A,256,4047045697,,
RunID-252,5,N/A,FBS8739540020I09,001070,FXBDC,FBS,150,<NULL>,USD,4047045697,,,09/09/2020,N/A,,,test,,,N/A,256,4047045697,,
RunID-252,6,N/A,DealNoIsNotReady,001070,FXBDC,PFC,150,<NULL>,NZD,4047127954,,,09/09/2020,N/A,,,test,,,0000.09390000,255,4047127954,,
RunID-256,64,N/A,TCP8739602120I09,001070,FXBDC,TCP,1200,<NULL>,EUR,4047045697,,,09/09/2020,N/A,,,test,,,0019.59060000,256,4047045697,,
RunID-256,62,N/A,TCP8739602220I09,001070,Forex,TCP,100,<NULL>,USD,4047045697,,,09/09/2020,N/A,,,test,,,0016.74890000,256,4047045697,,
RunID-256,65,N/A,TFC8739942920I09,001070,FXBDC,TFC,2500,<NULL>,AUD,9050955513,,,N/A,N/A,,,test,,,09/09/2020,256,9050955513,,
RunID-256,63,N/A,TFC8739943020I09,001070,Forex,TFC,1800,<NULL>,AED,4047127954,,,N/A,N/A,,,test,,,09/09/2020,255,296503029,,
RunID-256,13,NotVerified,FCR8739601820I09,001070,Forex,FCR,180,<NULL>,USD,4047127954,10421,,09/09/2020,N/A,,,test,,,0017.16530000,275,4047127954,,
RunID-256,9,NotVerified,TRO8739978420I09,001070,Forex,TRO,160,<NULL>,USD,4047127954,10421,,09/09/2020,N/A,,,test,,,0017.16530000,101 001,4047127954,,
RunID-256,12,NotVerified,DRF8739407420I09,001070,Forex,DRF,110,<NULL>,USD,4047045697,10421,,09/09/2020,N/A,,,test,,,0017.16530000,407,4047045697,,
RunID-256,16,NotVerified,TRI8739806420I09,001070,Forex,TRI,1900,<NULL>,NZD,4047127954,316257,,09/09/2020,N/A,,,test,,,0000.09390000,401,4047127954,,
RunID-256,1,NotVerified,BNS8739547920I09,001070,Forex,BNS,150,<NULL>,NZD,9050703562,,,09/09/2020,N/A,,,test,,,0000.09690000,410,9050703562,,
RunID-256,10,NotVerified,BPI8739134420I09,001070,Forex,BPI,120,<NULL>,USD,4047127954,,,09/09/2020,N/A,,,test,,,N/A,275,4047127954,,
RunID-256,11,NotVerified,BPO8739136720I09,001070,Forex,BPO,190,<NULL>,USD,1006990467,N/A,,09/09/2020,N/A,,,test,,,N/A,306,1006990467,,
RunID-256,17,NotVerified,FDT8739472820I09,001070,Forex,FDT,100,<NULL>,USD,4047143100,10421,,09/09/2020,N/A,,,test,,,0016.77490000,ZZ1,4047143100,,
RunID-273,52,N/A,DealNoIsNotReady,001070,FXBDC,PFC,70,<NULL>,USD,4047045697,,,09/09/2020,N/A,,,test,,,0016.77490000,256,4047045697,,
RunID-273,54,N/A,DealNoIsNotReady,001070,FXBDC,PFC,10,<NULL>,AED,4047850573,,,09/09/2020,N/A,Spot,,test,,,0000.22530000,255,4047850573,,
RunID-273,55,N/A,DealNoIsNotReady,001070,FXBDC,PFC,10,<NULL>,CAD,4047098470,,,09/09/2020,N/A,Spot,,test,,,0000.08290000,256,4047098470,,
RunID-273,58,N/A,DealNoIsNotReady,001070,FXBDC,PFC,10,<NULL>,NZD,4047127954,,,09/09/2020,N/A,Spot,,test,,,0000.09390000,255,4047127954,,
RunID-273,59,N/A,DealNoIsNotReady,001070,FXBDC,PFC,10,<NULL>,GBP,4047850573,,,09/09/2020,N/A,Spot,,test,,,0021.63070000,255,4047850573,,
RunID-273,132,N/A,DealNoIsNotReady,001070,FXBDC,PFC,60,<NULL>,GBP,9050703562,,,09/09/2020,N/A,,,test,,,0021.63070000,256,9050703562,,
RunID-273,134,N/A,DealNoIsNotReady,001070,FXBDC,PFC,250,<NULL>,GBP,9050703562,,,09/09/2020,N/A,,,test,,,0021.63070000,256,9050703562,,
RunID-273,19,N/A,PFC8739647020I09,001070,Forex,PFC,23,<NULL>,AUD,4047127954,,,09/09/2020,N/A,Spot,,test,,,0000.08550000,255,4047127954,,
RunID-273,22,N/A,PFC8739647120I09,001070,Forex,PFC,22,<NULL>,AED,1006990467,,,09/09/2020,N/A,Spot,,test,,,0000.22530000,417,1006990467,,
RunID-273,92,N/A,PFC8739647420I09,001070,Forex,PFC,25,<NULL>,EUR,4047098470,,,09/09/2020,N/A,Spot,,test,,,0019.71460000,256,4047098470,,
RunID-273,93,N/A,PFC8739647520I09,001070,Forex,PFC,26,<NULL>,GBP,1006990467,,,09/09/2020,N/A,Spot,,test,,,0021.63070000,416,1006990467,,
RunID-273,175,N/A,PFC8739647720I09,001070,Forex,PFC,120,<NULL>,AED,4047127954,,,09/09/2020,N/A,,,test,,,0000.22530000,255,4047127954,,
RunID-273,176,N/A,PFC8739647820I09,001070,Forex,PFC,13,<NULL>,AED,4047127954,,,09/09/2020,N/A,,,test,,,0000.22530000,255,4047127954,,
RunID-273,177,N/A,PFC8739647920I09,001070,Forex,PFC,14,<NULL>,AED,4047127954,,,09/09/2020,123456,Current rate-1%,,test,,,0000.21530000,255,4047127954,,
RunID-277,2,N/A,TFC8739943120I10,001070,FXBDC,TFC,100,<NULL>,USD,4047127954,,,N/A,N/A,,,test,,,10/09/2020,255,4047127954,,
RunID-277,3,N/A,TFC8739943220I10,001070,FXBDC,TFC,200,<NULL>,AED,9050703562,,,N/A,N/A,,,test,,,10/09/2020,256,9050703562,,
RunID-277,7,N/A,TFC8739943520I10,001070,FXBDC,TFC,200,<NULL>,AUD,1006990467,,,N/A,N/A,,,test,,,10/09/2020,416,1006990467,,
RunID-277,23,N/A,TFC8739943720I10,001070,FXBDC,TFC,200,<NULL>,GBP,4047850573,,,N/A,N/A,,,test,,,10/09/2020,255,4047850573,,
RunID-277,24,N/A,TFC8739943820I10,001070,FXBDC,TFC,200,<NULL>,NZD,9050703562,,,N/A,N/A,,,test,,,10/09/2020,256,9050703562,,
RunID-277,29,N/A,TFC8739944020I10,001070,FXBDC,TFC,200,<NULL>,USD,4047127954,,,N/A,N/A,,,test,,,10/09/2020,255,4047127954,,
RunID-277,31,N/A,TFC8739944120I10,001070,FXBDC,TFC,200,<NULL>,USD,9050703562,,,N/A,123456,15.324,300,test,,,10/09/2020,256,9050703562,,
RunID-314,7,N/A,TFC8739944920I10,001070,FXBDC,TFC,200,<NULL>,AUD,1006990467,,,N/A,N/A,,,test,,,10/09/2020,416,1006990467,,
RunID-315,2,N/A,TFC8739945020I10,001070,FXBDC,TFC,100,<NULL>,USD,4047127954,,,N/A,N/A,,,test,,,10/09/2020,255,4047127954,,
RunID-315,3,N/A,TFC8739945120I10,001070,FXBDC,TFC,200,<NULL>,AED,9050703562,,,N/A,N/A,,,test,,,10/09/2020,256,9050703562,,
RunID-315,7,N/A,TFC8739945220I10,001070,FXBDC,TFC,200,<NULL>,AUD,1006990467,,,N/A,N/A,,,test,,,10/09/2020,416,1006990467,,
RunID-315,8,N/A,TFC8739945320I10,001070,FXBDC,TFC,110,<NULL>,CAD,1006990467,,,N/A,N/A,,,test,,,10/09/2020,417,1006990467,,
RunID-316,76,N/A,FBP8739498020I11,001070,Forex,FBP,500,<NULL>,USD,4047127954,,,11/09/2020,N/A,,,test,,,0016.57930000,255,4047127954,,
RunID-317,3,N/A,TFC8739945720I11,001070,FXBDC,TFC,200,<NULL>,AED,9050703562,,,N/A,N/A,,,test,,,11/09/2020,256,9050703562,,
RunID-318,3,N/A,TFC8739945820I11,001070,FXBDC,TFC,200,<NULL>,AED,9050703562,,,N/A,N/A,,,test,,,11/09/2020,256,9050703562,,
RunID-326,46,N/A,DealNoIsNotReady,001070,FXBDC,FBS,333,<NULL>,CAD,4047045697,,,11/09/2020,N/A,,,test,,,N/A,256,4047045697,,
RunID-326,46,N/A,FBS8739543420I11,001070,FXBDC,FBS,333,<NULL>,CAD,4047045697,,,11/09/2020,N/A,,,test,,,N/A,256,4047045697,,
RunID-326,47,N/A,DealNoIsNotReady,001070,FXBDC,FBS,150,<NULL>,EUR,4047850573,,,11/09/2020,N/A,,,test,,,N/A,255,4047850573,,
RunID-326,47,N/A,FBS8739543520I11,001070,FXBDC,FBS,150,<NULL>,EUR,4047850573,,,11/09/2020,N/A,,,test,,,N/A,255,4047850573,,
RunID-326,48,N/A,DealNoIsNotReady,001070,FXBDC,FBS,500,<NULL>,GBP,4047045697,,,11/09/2020,N/A,,,test,,,N/A,256,4047045697,,
RunID-326,48,N/A,FBS8739543620I11,001070,FXBDC,FBS,500,<NULL>,GBP,4047045697,,,11/09/2020,N/A,,,test,,,N/A,256,4047045697,,
RunID-326,49,N/A,DealNoIsNotReady,001070,FXBDC,FBS,"75,000.00",<NULL>,USD,4047045697,,,11/09/2020,123456,Current rate-1%,"67,000.00",test,,,N/A,256,4047045697,,
RunID-326,49,N/A,FBS8739543720I11,001070,FXBDC,FBS,"75,000.00",<NULL>,USD,4047045697,,,11/09/2020,123456,Current rate-1%,"67,000.00",test,,,N/A,256,4047045697,,
RunID-326,50,N/A,DealNoIsNotReady,001070,FXBDC,FBS,666,<NULL>,EUR,4047127954,,,11/09/2020,N/A,,,test,,,N/A,255,4047127954,,
RunID-326,121,N/A,DealNoIsNotReady,001070,FXBDC,FBS,360,<NULL>,USD,9050703562,,,11/09/2020,N/A,,,test,,,N/A,256,9050703562,,
RunID-326,121,N/A,FBS8739543920I11,001070,FXBDC,FBS,360,<NULL>,USD,9050703562,,,11/09/2020,N/A,,,test,,,N/A,256,9050703562,,
RunID-326,122,N/A,DealNoIsNotReady,001070,FXBDC,FBS,5000,<NULL>,AUD,9050703562,,,11/09/2020,N/A,,,test,,,N/A,256,9050703562,,
RunID-326,122,N/A,FBS8739544020I11,001070,FXBDC,FBS,5000,<NULL>,AUD,9050703562,,,11/09/2020,N/A,,,test,,,N/A,256,9050703562,,
RunID-326,123,N/A,DealNoIsNotReady,001070,FXBDC,FBS,"5,000.00",<NULL>,AUD,9050703562,,,11/09/2020,N/A,,,test,,,N/A,256,9050703562,,
RunID-326,123,N/A,FBS8739544120I11,001070,FXBDC,FBS,"5,000.00",<NULL>,AUD,9050703562,,,11/09/2020,N/A,,,test,,,N/A,256,9050703562,,
RunID-326,124,N/A,DealNoIsNotReady,001070,FXBDC,FBS,"5,000.00",<NULL>,AUD,9050703562,,,11/09/2020,123456,,Current rate-1%,test,,,N/A,256,9050703562,,
RunID-326,124,N/A,FBS8739544220I11,001070,FXBDC,FBS,"5,000.00",<NULL>,AUD,9050703562,,,11/09/2020,123456,,Current rate-1%,test,,,N/A,256,9050703562,,
RunID-326,81,N/A,FBS8739544320I11,001070,Forex,FBS,300,<NULL>,USD,4047143100,,,11/09/2020,N/A,,,test,,,0016.99500000,251,4047143100,,
RunID-326,82,N/A,FBS8739544420I11,001070,Forex,FBS,330,<NULL>,CAD,4047143100,,,11/09/2020,N/A,,,test,,,0000.07430000,252,296503029,,
RunID-326,83,N/A,FBS8739544520I11,001070,Forex,FBS,2000,<NULL>,AUD,4047850573,,,11/09/2020,N/A,,,test,,,0000.07820000,255,4047850573,,
RunID-326,84,N/A,FBS8739544620I11,001070,Forex,FBS,900,<NULL>,USD,4047127954,,,11/09/2020,N/A,,,test,,,0016.99500000,255,4047127954,,
RunID-326,85,N/A,FBS8739544720I11,001070,Forex,FBS,"70,000.00",<NULL>,USD,4047045697,,,11/09/2020,123456,Current rate-1%,"70,000.00",test,,,0016.99500000,256,4047045697,,
RunID-326,86,N/A,FBS8739544820I11,001070,Forex,FBS,1250,<NULL>,USD,4047045697,,,11/09/2020,N/A,,,test,,,0016.99500000,256,296503029,,
RunID-326,166,N/A,FBS8739545020I11,001070,Forex,FBS,9000,<NULL>,USD,4047127954,,,11/09/2020,N/A,,,test,,,0016.99500000,255,4047127954,,
RunID-326,167,N/A,FBS8739545120I11,001070,Forex,FBS,"6,000.00",<NULL>,USD,4047127954,,,11/09/2020,N/A,,,test,,,0016.99500000,255,4047127954,,
RunID-326,168,N/A,FBS8739545220I11,001070,Forex,FBS,"6,000.00",<NULL>,USD,4047127954,,,11/09/2020,123456,,Current rate-1%,test,,,0016.99500000,255,4047127954,,
RunID-338,188,NotVerified,TRO8739981120I11,001070,Forex,TRO,355.55,<NULL>,AUD,9050615840,12377,,11/09/2020,N/A,,,test,,,0000.07870000,108,9050615840,,
RunID-338,194,NotVerified,TRO8739981220I11,001070,Forex,TRO,130,<NULL>,EUR  ,4047127954,10967,,11/09/2020,N/A,,,test,,,0020.13660000,220,4047127954,,
RunID-338,195,NotVerified,TRO8739981320I11,001070,Forex,TRO,441,<NULL>,AUD,9050615840,12377,,11/09/2020,N/A,,,test,,,0000.07870000,221,9050615840,,
RunID-338,197,NotVerified,TRO8739981420I11,001070,Forex,TRO,34500,<NULL>,JPY,4047127954,10926,,11/09/2020,N/A,,,test,,,0005.93300000,226,4047127954,,
RunID-338,202,NotVerified,TRO8739981520I11,001070,Forex,TRO,876,<NULL>,EUR  ,4047127954,10967,,11/09/2020,N/A,,,test,,,0020.13660000,240 001,4047127954,,
RunID-338,205,NotVerified,TRO8739981620I11,001070,Forex,TRO,555,<NULL>,JPY,4047051094,10926,,11/09/2020,N/A,,,test,,,0005.93300000,243,4047051094,,
RunID-340,214,NotVerified,TRO8739981920I11,001070,Forex,TRO,4500,<NULL>,INR,4047051094,27177,,11/09/2020,N/A,,,test,,,0004.27010000,276,4047051094,,
RunID-340,218,NotVerified,TRO8739982020I11,001070,Forex,TRO,300,<NULL>,EUR  ,4047051094,10967,,11/09/2020,N/A,,,test,,,0020.13660000,285,4047051094,,
RunID-340,219,NotVerified,TRO8739982120I11,001070,Forex,TRO,400,<NULL>,AUD,4047127954,12377,,11/09/2020,N/A,,,test,,,0000.07870000,287,4047127954,,
RunID-340,221,NotVerified,TRO8739982220I11,001070,Forex,TRO,600,<NULL>,JPY,4047127954,10926,,11/09/2020,N/A,,,test,,,0005.93300000,296,4047127954,,
RunID-340,226,061 Order/Transaction number not found,TRO8739982320I11,001070,Forex,TRO,1100,<NULL>,EUR  ,4047127954,10967,,11/09/2020,N/A,,,test,,,0020.13660000,402,4047127954,,
RunID-340,229,NotVerified,TRO8739982420I11,001070,Forex,TRO,234,<NULL>,JPY,4047051094,10926,,11/09/2020,N/A,,,test,,,0005.93300000,407,4047051094,,
RunID-340,230,NotVerified,TRO8739982520I11,001070,Forex,TRO,2000,<NULL>,INR,4047127954,27177,,11/09/2020,N/A,,,test,,,0004.27010000,408,4047127954,,
502,,,,,,,,,,,,,,,,,,,,,,,,
503,,,,,,,,,,,,,,,,,,,,,,,,
504,,,,,,,,,,,,,,,,,,,,,,,,
505,,,,,,,,,,,,,,,,,,,,,,,,
506,,,,,,,,,,,,,,,,,,,,,,,,
507,,,,,,,,,,,,,,,,,,,,,,,,
508,,,,,,,,,,,,,,,,,,,,,,,,
509,,,,,,,,,,,,,,,,,,,,,,,,
510,,,,,,,,,,,,,,,,,,,,,,,,
511,,,,,,,,,,,,,,,,,,,,,,,,
512,,,,,,,,,,,,,,,,,,,,,,,,
513,,,,,,,,,,,,,,,,,,,,,,,,
514,,,,,,,,,,,,,,,,,,,,,,,,
515,,,,,,,,,,,,,,,,,,,,,,,,
516,,,,,,,,,,,,,,,,,,,,,,,,
517,,,,,,,,,,,,,,,,,,,,,,,,
518,,,,,,,,,,,,,,,,,,,,,,,,
519,,,,,,,,,,,,,,,,,,,,,,,,
520,,,,,,,,,,,,,,,,,,,,,,,,
521,,,,,,,,,,,,,,,,,,,,,,,,
522,,,,,,,,,,,,,,,,,,,,,,,,
523,,,,,,,,,,,,,,,,,,,,,,,,
524,,,,,,,,,,,,,,,,,,,,,,,,
525,,,,,,,,,,,,,,,,,,,,,,,,
526,,,,,,,,,,,,,,,,,,,,,,,,
527,,,,,,,,,,,,,,,,,,,,,,,,
528,,,,,,,,,,,,,,,,,,,,,,,,
529,,,,,,,,,,,,,,,,,,,,,,,,
530,,,,,,,,,,,,,,,,,,,,,,,,
531,,,,,,,,,,,,,,,,,,,,,,,,
532,,,,,,,,,,,,,,,,,,,,,,,,
533,,,,,,,,,,,,,,,,,,,,,,,,
534,,,,,,,,,,,,,,,,,,,,,,,,
535,,,,,,,,,,,,,,,,,,,,,,,,
536,,,,,,,,,,,,,,,,,,,,,,,,
537,,,,,,,,,,,,,,,,,,,,,,,,
538,,,,,,,,,,,,,,,,,,,,,,,,
539,,,,,,,,,,,,,,,,,,,,,,,,
540,,,,,,,,,,,,,,,,,,,,,,,,
541,,,,,,,,,,,,,,,,,,,,,,,,
542,,,,,,,,,,,,,,,,,,,,,,,,
543,,,,,,,,,,,,,,,,,,,,,,,,
544,,,,,,,,,,,,,,,,,,,,,,,,
545,,,,,,,,,,,,,,,,,,,,,,,,
546,,,,,,,,,,,,,,,,,,,,,,,,
547,,,,,,,,,,,,,,,,,,,,,,,,
548,,,,,,,,,,,,,,,,,,,,,,,,
549,,,,,,,,,,,,,,,,,,,,,,,,
550,,,,,,,,,,,,,,,,,,,,,,,,
551,,,,,,,,,,,,,,,,,,,,,,,,
552,,,,,,,,,,,,,,,,,,,,,,,,
553,,,,,,,,,,,,,,,,,,,,,,,,
554,,,,,,,,,,,,,,,,,,,,,,,,
555,,,,,,,,,,,,,,,,,,,,,,,,
556,,,,,,,,,,,,,,,,,,,,,,,,
557,,,,,,,,,,,,,,,,,,,,,,,,
558,,,,,,,,,,,,,,,,,,,,,,,,
559,,,,,,,,,,,,,,,,,,,,,,,,
560,,,,,,,,,,,,,,,,,,,,,,,,
561,,,,,,,,,,,,,,,,,,,,,,,,
562,,,,,,,,,,,,,,,,,,,,,,,,
563,,,,,,,,,,,,,,,,,,,,,,,,
564,,,,,,,,,,,,,,,,,,,,,,,,
565,,,,,,,,,,,,,,,,,,,,,,,,
566,,,,,,,,,,,,,,,,,,,,,,,,
567,,,,,,,,,,,,,,,,,,,,,,,,
568,,,,,,,,,,,,,,,,,,,,,,,,
569,,,,,,,,,,,,,,,,,,,,,,,,
570,,,,,,,,,,,,,,,,,,,,,,,,
571,,,,,,,,,,,,,,,,,,,,,,,,
572,,,,,,,,,,,,,,,,,,,,,,,,
573,,,,,,,,,,,,,,,,,,,,,,,,
574,,,,,,,,,,,,,,,,,,,,,,,,
575,,,,,,,,,,,,,,,,,,,,,,,,
576,,,,,,,,,,,,,,,,,,,,,,,,
577,,,,,,,,,,,,,,,,,,,,,,,,
578,,,,,,,,,,,,,,,,,,,,,,,,
579,,,,,,,,,,,,,,,,,,,,,,,,
580,,,,,,,,,,,,,,,,,,,,,,,,
581,,,,,,,,,,,,,,,,,,,,,,,,
582,,,,,,,,,,,,,,,,,,,,,,,,
583,,,,,,,,,,,,,,,,,,,,,,,,
584,,,,,,,,,,,,,,,,,,,,,,,,
585,,,,,,,,,,,,,,,,,,,,,,,,
586,,,,,,,,,,,,,,,,,,,,,,,,
587,,,,,,,,,,,,,,,,,,,,,,,,
588,,,,,,,,,,,,,,,,,,,,,,,,
589,,,,,,,,,,,,,,,,,,,,,,,,
590,,,,,,,,,,,,,,,,,,,,,,,,
591,,,,,,,,,,,,,,,,,,,,,,,,
592,,,,,,,,,,,,,,,,,,,,,,,,
593,,,,,,,,,,,,,,,,,,,,,,,,
594,,,,,,,,,,,,,,,,,,,,,,,,
595,,,,,,,,,,,,,,,,,,,,,,,,
596,,,,,,,,,,,,,,,,,,,,,,,,
597,,,,,,,,,,,,,,,,,,,,,,,,
598,,,,,,,,,,,,,,,,,,,,,,,,
599,,,,,,,,,,,,,,,,,,,,,,,,
600,,,,,,,,,,,,,,,,,,,,,,,,
601,,,,,,,,,,,,,,,,,,,,,,,,
602,,,,,,,,,,,,,,,,,,,,,,,,
603,,,,,,,,,,,,,,,,,,,,,,,,
604,,,,,,,,,,,,,,,,,,,,,,,,
605,,,,,,,,,,,,,,,,,,,,,,,,
606,,,,,,,,,,,,,,,,,,,,,,,,
607,,,,,,,,,,,,,,,,,,,,,,,,
608,,,,,,,,,,,,,,,,,,,,,,,,
609,,,,,,,,,,,,,,,,,,,,,,,,
610,,,,,,,,,,,,,,,,,,,,,,,,
611,,,,,,,,,,,,,,,,,,,,,,,,
612,,,,,,,,,,,,,,,,,,,,,,,,
613,,,,,,,,,,,,,,,,,,,,,,,,
614,,,,,,,,,,,,,,,,,,,,,,,,
615,,,,,,,,,,,,,,,,,,,,,,,,
616,,,,,,,,,,,,,,,,,,,,,,,,
617,,,,,,,,,,,,,,,,,,,,,,,,
618,,,,,,,,,,,,,,,,,,,,,,,,
619,,,,,,,,,,,,,,,,,,,,,,,,
620,,,,,,,,,,,,,,,,,,,,,,,,
621,,,,,,,,,,,,,,,,,,,,,,,,
622,,,,,,,,,,,,,,,,,,,,,,,,
623,,,,,,,,,,,,,,,,,,,,,,,,
624,,,,,,,,,,,,,,,,,,,,,,,,
625,,,,,,,,,,,,,,,,,,,,,,,,
626,,,,,,,,,,,,,,,,,,,,,,,,
627,,,,,,,,,,,,,,,,,,,,,,,,
628,,,,,,,,,,,,,,,,,,,,,,,,
629,,,,,,,,,,,,,,,,,,,,,,,,
630,,,,,,,,,,,,,,,,,,,,,,,,
631,,,,,,,,,,,,,,,,,,,,,,,,
632,,,,,,,,,,,,,,,,,,,,,,,,
633,,,,,,,,,,,,,,,,,,,,,,,,
634,,,,,,,,,,,,,,,,,,,,,,,,
635,,,,,,,,,,,,,,,,,,,,,,,,
636,,,,,,,,,,,,,,,,,,,,,,,,
637,,,,,,,,,,,,,,,,,,,,,,,,
638,,,,,,,,,,,,,,,,,,,,,,,,
639,,,,,,,,,,,,,,,,,,,,,,,,
640,,,,,,,,,,,,,,,,,,,,,,,,
641,,,,,,,,,,,,,,,,,,,,,,,,
642,,,,,,,,,,,,,,,,,,,,,,,,
643,,,,,,,,,,,,,,,,,,,,,,,,
644,,,,,,,,,,,,,,,,,,,,,,,,
645,,,,,,,,,,,,,,,,,,,,,,,,
646,,,,,,,,,,,,,,,,,,,,,,,,
647,,,,,,,,,,,,,,,,,,,,,,,,
648,,,,,,,,,,,,,,,,,,,,,,,,
649,,,,,,,,,,,,,,,,,,,,,,,,
650,,,,,,,,,,,,,,,,,,,,,,,,
651,,,,,,,,,,,,,,,,,,,,,,,,
652,,,,,,,,,,,,,,,,,,,,,,,,
653,,,,,,,,,,,,,,,,,,,,,,,,
654,,,,,,,,,,,,,,,,,,,,,,,,
655,,,,,,,,,,,,,,,,,,,,,,,,
656,,,,,,,,,,,,,,,,,,,,,,,,
657,,,,,,,,,,,,,,,,,,,,,,,,
658,,,,,,,,,,,,,,,,,,,,,,,,
659,,,,,,,,,,,,,,,,,,,,,,,,
660,,,,,,,,,,,,,,,,,,,,,,,,
661,,,,,,,,,,,,,,,,,,,,,,,,
662,,,,,,,,,,,,,,,,,,,,,,,,
663,,,,,,,,,,,,,,,,,,,,,,,,
664,,,,,,,,,,,,,,,,,,,,,,,,
665,,,,,,,,,,,,,,,,,,,,,,,,
666,,,,,,,,,,,,,,,,,,,,,,,,
667,,,,,,,,,,,,,,,,,,,,,,,,
668,,,,,,,,,,,,,,,,,,,,,,,,
669,,,,,,,,,,,,,,,,,,,,,,,,
670,,,,,,,,,,,,,,,,,,,,,,,,
671,,,,,,,,,,,,,,,,,,,,,,,,
672,,,,,,,,,,,,,,,,,,,,,,,,
673,,,,,,,,,,,,,,,,,,,,,,,,
674,,,,,,,,,,,,,,,,,,,,,,,,
675,,,,,,,,,,,,,,,,,,,,,,,,
676,,,,,,,,,,,,,,,,,,,,,,,,
677,,,,,,,,,,,,,,,,,,,,,,,,
678,,,,,,,,,,,,,,,,,,,,,,,,
679,,,,,,,,,,,,,,,,,,,,,,,,
680,,,,,,,,,,,,,,,,,,,,,,,,
681,,,,,,,,,,,,,,,,,,,,,,,,
682,,,,,,,,,,,,,,,,,,,,,,,,
683,,,,,,,,,,,,,,,,,,,,,,,,
684,,,,,,,,,,,,,,,,,,,,,,,,
685,,,,,,,,,,,,,,,,,,,,,,,,
686,,,,,,,,,,,,,,,,,,,,,,,,
687,,,,,,,,,,,,,,,,,,,,,,,,
688,,,,,,,,,,,,,,,,,,,,,,,,
689,,,,,,,,,,,,,,,,,,,,,,,,
690,,,,,,,,,,,,,,,,,,,,,,,,
691,,,,,,,,,,,,,,,,,,,,,,,,
692,,,,,,,,,,,,,,,,,,,,,,,,
693,,,,,,,,,,,,,,,,,,,,,,,,
694,,,,,,,,,,,,,,,,,,,,,,,,
695,,,,,,,,,,,,,,,,,,,,,,,,
696,,,,,,,,,,,,,,,,,,,,,,,,
697,,,,,,,,,,,,,,,,,,,,,,,,
698,,,,,,,,,,,,,,,,,,,,,,,,
699,,,,,,,,,,,,,,,,,,,,,,,,
700,,,,,,,,,,,,,,,,,,,,,,,,
701,,,,,,,,,,,,,,,,,,,,,,,,
702,,,,,,,,,,,,,,,,,,,,,,,,
703,,,,,,,,,,,,,,,,,,,,,,,,
704,,,,,,,,,,,,,,,,,,,,,,,,
705,,,,,,,,,,,,,,,,,,,,,,,,
706,,,,,,,,,,,,,,,,,,,,,,,,
707,,,,,,,,,,,,,,,,,,,,,,,,
708,,,,,,,,,,,,,,,,,,,,,,,,
709,,,,,,,,,,,,,,,,,,,,,,,,
710,,,,,,,,,,,,,,,,,,,,,,,,
711,,,,,,,,,,,,,,,,,,,,,,,,
712,,,,,,,,,,,,,,,,,,,,,,,,
713,,,,,,,,,,,,,,,,,,,,,,,,
714,,,,,,,,,,,,,,,,,,,,,,,,
715,,,,,,,,,,,,,,,,,,,,,,,,
716,,,,,,,,,,,,,,,,,,,,,,,,
717,,,,,,,,,,,,,,,,,,,,,,,,
718,,,,,,,,,,,,,,,,,,,,,,,,
719,,,,,,,,,,,,,,,,,,,,,,,,
720,,,,,,,,,,,,,,,,,,,,,,,,
721,,,,,,,,,,,,,,,,,,,,,,,,
722,,,,,,,,,,,,,,,,,,,,,,,,
723,,,,,,,,,,,,,,,,,,,,,,,,
724,,,,,,,,,,,,,,,,,,,,,,,,
725,,,,,,,,,,,,,,,,,,,,,,,,
726,,,,,,,,,,,,,,,,,,,,,,,,
727,,,,,,,,,,,,,,,,,,,,,,,,
728,,,,,,,,,,,,,,,,,,,,,,,,
729,,,,,,,,,,,,,,,,,,,,,,,,
730,,,,,,,,,,,,,,,,,,,,,,,,
731,,,,,,,,,,,,,,,,,,,,,,,,
732,,,,,,,,,,,,,,,,,,,,,,,,
733,,,,,,,,,,,,,,,,,,,,,,,,
734,,,,,,,,,,,,,,,,,,,,,,,,
735,,,,,,,,,,,,,,,,,,,,,,,,
736,,,,,,,,,,,,,,,,,,,,,,,,
737,,,,,,,,,,,,,,,,,,,,,,,,
738,,,,,,,,,,,,,,,,,,,,,,,,
739,,,,,,,,,,,,,,,,,,,,,,,,
740,,,,,,,,,,,,,,,,,,,,,,,,
741,,,,,,,,,,,,,,,,,,,,,,,,
742,,,,,,,,,,,,,,,,,,,,,,,,
743,,,,,,,,,,,,,,,,,,,,,,,,
744,,,,,,,,,,,,,,,,,,,,,,,,
745,,,,,,,,,,,,,,,,,,,,,,,,
746,,,,,,,,,,,,,,,,,,,,,,,,
747,,,,,,,,,,,,,,,,,,,,,,,,
748,,,,,,,,,,,,,,,,,,,,,,,,
749,,,,,,,,,,,,,,,,,,,,,,,,
750,,,,,,,,,,,,,,,,,,,,,,,,
751,,,,,,,,,,,,,,,,,,,,,,,,
752,,,,,,,,,,,,,,,,,,,,,,,,
753,,,,,,,,,,,,,,,,,,,,,,,,
754,,,,,,,,,,,,,,,,,,,,,,,,
755,,,,,,,,,,,,,,,,,,,,,,,,
756,,,,,,,,,,,,,,,,,,,,,,,,
757,,,,,,,,,,,,,,,,,,,,,,,,
758,,,,,,,,,,,,,,,,,,,,,,,,
759,,,,,,,,,,,,,,,,,,,,,,,,
760,,,,,,,,,,,,,,,,,,,,,,,,
761,,,,,,,,,,,,,,,,,,,,,,,,
762,,,,,,,,,,,,,,,,,,,,,,,,
763,,,,,,,,,,,,,,,,,,,,,,,,
764,,,,,,,,,,,,,,,,,,,,,,,,
765,,,,,,,,,,,,,,,,,,,,,,,,
766,,,,,,,,,,,,,,,,,,,,,,,,
767,,,,,,,,,,,,,,,,,,,,,,,,
768,,,,,,,,,,,,,,,,,,,,,,,,
769,,,,,,,,,,,,,,,,,,,,,,,,
770,,,,,,,,,,,,,,,,,,,,,,,,
771,,,,,,,,,,,,,,,,,,,,,,,,
772,,,,,,,,,,,,,,,,,,,,,,,,
773,,,,,,,,,,,,,,,,,,,,,,,,
774,,,,,,,,,,,,,,,,,,,,,,,,
775,,,,,,,,,,,,,,,,,,,,,,,,
776,,,,,,,,,,,,,,,,,,,,,,,,
777,,,,,,,,,,,,,,,,,,,,,,,,
778,,,,,,,,,,,,,,,,,,,,,,,,
779,,,,,,,,,,,,,,,,,,,,,,,,
780,,,,,,,,,,,,,,,,,,,,,,,,
781,,,,,,,,,,,,,,,,,,,,,,,,
782,,,,,,,,,,,,,,,,,,,,,,,,
783,,,,,,,,,,,,,,,,,,,,,,,,
784,,,,,,,,,,,,,,,,,,,,,,,,
785,,,,,,,,,,,,,,,,,,,,,,,,
786,,,,,,,,,,,,,,,,,,,,,,,,
787,,,,,,,,,,,,,,,,,,,,,,,,
788,,,,,,,,,,,,,,,,,,,,,,,,
789,,,,,,,,,,,,,,,,,,,,,,,,
790,,,,,,,,,,,,,,,,,,,,,,,,
791,,,,,,,,,,,,,,,,,,,,,,,,
792,,,,,,,,,,,,,,,,,,,,,,,,
793,,,,,,,,,,,,,,,,,,,,,,,,
794,,,,,,,,,,,,,,,,,,,,,,,,
795,,,,,,,,,,,,,,,,,,,,,,,,
796,,,,,,,,,,,,,,,,,,,,,,,,
797,,,,,,,,,,,,,,,,,,,,,,,,
798,,,,,,,,,,,,,,,,,,,,,,,,
799,,,,,,,,,,,,,,,,,,,,,,,,
800,,,,,,,,,,,,,,,,,,,,,,,,
801,,,,,,,,,,,,,,,,,,,,,,,,
802,,,,,,,,,,,,,,,,,,,,,,,,
803,,,,,,,,,,,,,,,,,,,,,,,,
804,,,,,,,,,,,,,,,,,,,,,,,,
805,,,,,,,,,,,,,,,,,,,,,,,,
806,,,,,,,,,,,,,,,,,,,,,,,,
807,,,,,,,,,,,,,,,,,,,,,,,,
808,,,,,,,,,,,,,,,,,,,,,,,,
809,,,,,,,,,,,,,,,,,,,,,,,,
810,,,,,,,,,,,,,,,,,,,,,,,,
811,,,,,,,,,,,,,,,,,,,,,,,,
812,,,,,,,,,,,,,,,,,,,,,,,,
813,,,,,,,,,,,,,,,,,,,,,,,,
814,,,,,,,,,,,,,,,,,,,,,,,,
815,,,,,,,,,,,,,,,,,,,,,,,,
816,,,,,,,,,,,,,,,,,,,,,,,,
817,,,,,,,,,,,,,,,,,,,,,,,,
818,,,,,,,,,,,,,,,,,,,,,,,,
819,,,,,,,,,,,,,,,,,,,,,,,,
820,,,,,,,,,,,,,,,,,,,,,,,,
821,,,,,,,,,,,,,,,,,,,,,,,,
822,,,,,,,,,,,,,,,,,,,,,,,,
823,,,,,,,,,,,,,,,,,,,,,,,,
824,,,,,,,,,,,,,,,,,,,,,,,,
825,,,,,,,,,,,,,,,,,,,,,,,,
826,,,,,,,,,,,,,,,,,,,,,,,,
827,,,,,,,,,,,,,,,,,,,,,,,,
828,,,,,,,,,,,,,,,,,,,,,,,,
829,,,,,,,,,,,,,,,,,,,,,,,,
830,,,,,,,,,,,,,,,,,,,,,,,,
831,,,,,,,,,,,,,,,,,,,,,,,,
832,,,,,,,,,,,,,,,,,,,,,,,,
833,,,,,,,,,,,,,,,,,,,,,,,,
834,,,,,,,,,,,,,,,,,,,,,,,,
835,,,,,,,,,,,,,,,,,,,,,,,,
836,,,,,,,,,,,,,,,,,,,,,,,,
837,,,,,,,,,,,,,,,,,,,,,,,,
838,,,,,,,,,,,,,,,,,,,,,,,,
839,,,,,,,,,,,,,,,,,,,,,,,,
840,,,,,,,,,,,,,,,,,,,,,,,,
841,,,,,,,,,,,,,,,,,,,,,,,,
842,,,,,,,,,,,,,,,,,,,,,,,,
843,,,,,,,,,,,,,,,,,,,,,,,,
844,,,,,,,,,,,,,,,,,,,,,,,,
845,,,,,,,,,,,,,,,,,,,,,,,,
846,,,,,,,,,,,,,,,,,,,,,,,,
847,,,,,,,,,,,,,,,,,,,,,,,,
848,,,,,,,,,,,,,,,,,,,,,,,,
849,,,,,,,,,,,,,,,,,,,,,,,,
850,,,,,,,,,,,,,,,,,,,,,,,,
851,,,,,,,,,,,,,,,,,,,,,,,,
852,,,,,,,,,,,,,,,,,,,,,,,,
853,,,,,,,,,,,,,,,,,,,,,,,,
854,,,,,,,,,,,,,,,,,,,,,,,,
855,,,,,,,,,,,,,,,,,,,,,,,,
856,,,,,,,,,,,,,,,,,,,,,,,,
857,,,,,,,,,,,,,,,,,,,,,,,,
858,,,,,,,,,,,,,,,,,,,,,,,,
859,,,,,,,,,,,,,,,,,,,,,,,,
860,,,,,,,,,,,,,,,,,,,,,,,,
861,,,,,,,,,,,,,,,,,,,,,,,,
862,,,,,,,,,,,,,,,,,,,,,,,,
863,,,,,,,,,,,,,,,,,,,,,,,,
864,,,,,,,,,,,,,,,,,,,,,,,,
865,,,,,,,,,,,,,,,,,,,,,,,,
866,,,,,,,,,,,,,,,,,,,,,,,,
867,,,,,,,,,,,,,,,,,,,,,,,,
868,,,,,,,,,,,,,,,,,,,,,,,,
869,,,,,,,,,,,,,,,,,,,,,,,,
870,,,,,,,,,,,,,,,,,,,,,,,,
871,,,,,,,,,,,,,,,,,,,,,,,,
872,,,,,,,,,,,,,,,,,,,,,,,,
873,,,,,,,,,,,,,,,,,,,,,,,,
874,,,,,,,,,,,,,,,,,,,,,,,,
875,,,,,,,,,,,,,,,,,,,,,,,,
876,,,,,,,,,,,,,,,,,,,,,,,,
877,,,,,,,,,,,,,,,,,,,,,,,,
878,,,,,,,,,,,,,,,,,,,,,,,,
879,,,,,,,,,,,,,,,,,,,,,,,,
880,,,,,,,,,,,,,,,,,,,,,,,,
881,,,,,,,,,,,,,,,,,,,,,,,,
882,,,,,,,,,,,,,,,,,,,,,,,,
883,,,,,,,,,,,,,,,,,,,,,,,,
884,,,,,,,,,,,,,,,,,,,,,,,,
885,,,,,,,,,,,,,,,,,,,,,,,,
886,,,,,,,,,,,,,,,,,,,,,,,,
887,,,,,,,,,,,,,,,,,,,,,,,,
888,,,,,,,,,,,,,,,,,,,,,,,,
889,,,,,,,,,,,,,,,,,,,,,,,,
890,,,,,,,,,,,,,,,,,,,,,,,,
891,,,,,,,,,,,,,,,,,,,,,,,,
892,,,,,,,,,,,,,,,,,,,,,,,,
893,,,,,,,,,,,,,,,,,,,,,,,,
894,,,,,,,,,,,,,,,,,,,,,,,,
895,,,,,,,,,,,,,,,,,,,,,,,,
896,,,,,,,,,,,,,,,,,,,,,,,,
897,,,,,,,,,,,,,,,,,,,,,,,,
898,,,,,,,,,,,,,,,,,,,,,,,,
899,,,,,,,,,,,,,,,,,,,,,,,,
900,,,,,,,,,,,,,,,,,,,,,,,,
901,,,,,,,,,,,,,,,,,,,,,,,,
902,,,,,,,,,,,,,,,,,,,,,,,,
903,,,,,,,,,,,,,,,,,,,,,,,,
904,,,,,,,,,,,,,,,,,,,,,,,,
905,,,,,,,,,,,,,,,,,,,,,,,,
906,,,,,,,,,,,,,,,,,,,,,,,,
907,,,,,,,,,,,,,,,,,,,,,,,,
908,,,,,,,,,,,,,,,,,,,,,,,,
909,,,,,,,,,,,,,,,,,,,,,,,,
910,,,,,,,,,,,,,,,,,,,,,,,,
911,,,,,,,,,,,,,,,,,,,,,,,,
912,,,,,,,,,,,,,,,,,,,,,,,,
913,,,,,,,,,,,,,,,,,,,,,,,,
914,,,,,,,,,,,,,,,,,,,,,,,,
915,,,,,,,,,,,,,,,,,,,,,,,,
916,,,,,,,,,,,,,,,,,,,,,,,,
917,,,,,,,,,,,,,,,,,,,,,,,,
918,,,,,,,,,,,,,,,,,,,,,,,,
919,,,,,,,,,,,,,,,,,,,,,,,,
920,,,,,,,,,,,,,,,,,,,,,,,,
921,,,,,,,,,,,,,,,,,,,,,,,,
922,,,,,,,,,,,,,,,,,,,,,,,,
923,,,,,,,,,,,,,,,,,,,,,,,,
924,,,,,,,,,,,,,,,,,,,,,,,,
925,,,,,,,,,,,,,,,,,,,,,,,,
926,,,,,,,,,,,,,,,,,,,,,,,,
927,,,,,,,,,,,,,,,,,,,,,,,,
928,,,,,,,,,,,,,,,,,,,,,,,,
929,,,,,,,,,,,,,,,,,,,,,,,,
930,,,,,,,,,,,,,,,,,,,,,,,,
931,,,,,,,,,,,,,,,,,,,,,,,,
932,,,,,,,,,,,,,,,,,,,,,,,,
933,,,,,,,,,,,,,,,,,,,,,,,,
934,,,,,,,,,,,,,,,,,,,,,,,,
935,,,,,,,,,,,,,,,,,,,,,,,,
936,,,,,,,,,,,,,,,,,,,,,,,,
937,,,,,,,,,,,,,,,,,,,,,,,,
938,,,,,,,,,,,,,,,,,,,,,,,,
939,,,,,,,,,,,,,,,,,,,,,,,,
940,,,,,,,,,,,,,,,,,,,,,,,,
941,,,,,,,,,,,,,,,,,,,,,,,,
942,,,,,,,,,,,,,,,,,,,,,,,,
943,,,,,,,,,,,,,,,,,,,,,,,,
944,,,,,,,,,,,,,,,,,,,,,,,,
945,,,,,,,,,,,,,,,,,,,,,,,,
946,,,,,,,,,,,,,,,,,,,,,,,,
947,,,,,,,,,,,,,,,,,,,,,,,,
948,,,,,,,,,,,,,,,,,,,,,,,,
949,,,,,,,,,,,,,,,,,,,,,,,,
950,,,,,,,,,,,,,,,,,,,,,,,,
951,,,,,,,,,,,,,,,,,,,,,,,,
952,,,,,,,,,,,,,,,,,,,,,,,,
953,,,,,,,,,,,,,,,,,,,,,,,,
954,,,,,,,,,,,,,,,,,,,,,,,,
955,,,,,,,,,,,,,,,,,,,,,,,,
956,,,,,,,,,,,,,,,,,,,,,,,,
957,,,,,,,,,,,,,,,,,,,,,,,,
958,,,,,,,,,,,,,,,,,,,,,,,,
959,,,,,,,,,,,,,,,,,,,,,,,,
960,,,,,,,,,,,,,,,,,,,,,,,,
961,,,,,,,,,,,,,,,,,,,,,,,,
962,,,,,,,,,,,,,,,,,,,,,,,,
963,,,,,,,,,,,,,,,,,,,,,,,,
964,,,,,,,,,,,,,,,,,,,,,,,,
965,,,,,,,,,,,,,,,,,,,,,,,,
966,,,,,,,,,,,,,,,,,,,,,,,,
967,,,,,,,,,,,,,,,,,,,,,,,,
968,,,,,,,,,,,,,,,,,,,,,,,,
969,,,,,,,,,,,,,,,,,,,,,,,,
970,,,,,,,,,,,,,,,,,,,,,,,,
971,,,,,,,,,,,,,,,,,,,,,,,,
972,,,,,,,,,,,,,,,,,,,,,,,,
973,,,,,,,,,,,,,,,,,,,,,,,,
974,,,,,,,,,,,,,,,,,,,,,,,,
975,,,,,,,,,,,,,,,,,,,,,,,,
976,,,,,,,,,,,,,,,,,,,,,,,,
977,,,,,,,,,,,,,,,,,,,,,,,,
978,,,,,,,,,,,,,,,,,,,,,,,,
979,,,,,,,,,,,,,,,,,,,,,,,,
980,,,,,,,,,,,,,,,,,,,,,,,,
981,,,,,,,,,,,,,,,,,,,,,,,,
982,,,,,,,,,,,,,,,,,,,,,,,,
983,,,,,,,,,,,,,,,,,,,,,,,,
984,,,,,,,,,,,,,,,,,,,,,,,,
985,,,,,,,,,,,,,,,,,,,,,,,,
986,,,,,,,,,,,,,,,,,,,,,,,,
987,,,,,,,,,,,,,,,,,,,,,,,,
988,,,,,,,,,,,,,,,,,,,,,,,,
989,,,,,,,,,,,,,,,,,,,,,,,,
990,,,,,,,,,,,,,,,,,,,,,,,,
991,,,,,,,,,,,,,,,,,,,,,,,,
992,,,,,,,,,,,,,,,,,,,,,,,,
993,,,,,,,,,,,,,,,,,,,,,,,,
994,,,,,,,,,,,,,,,,,,,,,,,,
995,,,,,,,,,,,,,,,,,,,,,,,,
996,,,,,,,,,,,,,,,,,,,,,,,,
997,,,,,,,,,,,,,,,,,,,,,,,,
998,,,,,,,,,,,,,,,,,,,,,,,,
999,,,,,,,,,,,,,,,,,,,,,,,,
1000,,,,,,,,,,,,,,,,,,,,,,,,
